
-- Crear la base de datos
CREATE DATABASE PracticaEval;
GO

-- Usar la base de datos creada
USE PracticaEval;
GO

-- Crear la tabla Categoria
CREATE TABLE Categoria (
    CodigoCategoria INT PRIMARY KEY,
    Nombre VARCHAR(50)
);
GO

-- Crear la tabla Producto
CREATE TABLE Producto (
    CodigoProducto INT PRIMARY KEY,
    Nombre VARCHAR(50),
    CodigoCategoria INT,
    FOREIGN KEY (CodigoCategoria) REFERENCES Categoria(CodigoCategoria)
);
GO

-- Crear la tabla Venta
CREATE TABLE Venta (
    CodigoVenta INT PRIMARY KEY,
    Fecha DATETIME,
    CodigoProducto INT,
    FOREIGN KEY (CodigoProducto) REFERENCES Producto(CodigoProducto)
);
GO

-- Insertar datos en Categoria
INSERT INTO Categoria (CodigoCategoria, Nombre) VALUES (1, 'Electrónica');
INSERT INTO Categoria (CodigoCategoria, Nombre) VALUES (2, 'Ropa');
GO

-- Insertar 8 productos en la tabla Producto
INSERT INTO Producto (CodigoProducto, Nombre, CodigoCategoria) VALUES
(102, 'Smartphone', 1),
(103, 'Tablet', 1),
(104, 'Auriculares', 1),
(105, 'Pantalón', 2),
(106, 'Zapatos', 2),
(107, 'Reloj', 1),
(108, 'Sudadera', 2),
(109, 'Teclado', 1);

-- Insertar 1000 ventas aleatorias entre 2015 y 2020
INSERT INTO Venta (CodigoVenta, Fecha, CodigoProducto) VALUES (1000, '2017-05-07 00:00:00', 102);
INSERT INTO Venta (CodigoVenta, Fecha, CodigoProducto) VALUES (1001, '2018-11-11 00:00:00', 101);
INSERT INTO Venta (CodigoVenta, Fecha, CodigoProducto) VALUES (1002, '2019-01-06 00:00:00', 101);
INSERT INTO Venta (CodigoVenta, Fecha, CodigoProducto) VALUES (1003, '2016-08-01 00:00:00', 109);
INSERT INTO Venta (CodigoVenta, Fecha, CodigoProducto) VALUES (1004, '2016-04-30 00:00:00', 103);
INSERT INTO Venta (CodigoVenta, Fecha, CodigoProducto) VALUES (1005, '2017-06-11 00:00:00', 102);
INSERT INTO Venta (CodigoVenta, Fecha, CodigoProducto) VALUES (1006, '2016-08-08 00:00:00', 102);
INSERT INTO Venta (CodigoVenta, Fecha, CodigoProducto) VALUES (1007, '2019-07-27 00:00:00', 107);
INSERT INTO Venta (CodigoVenta, Fecha, CodigoProducto) VALUES (1008, '2016-10-03 00:00:00', 102);
INSERT INTO Venta (CodigoVenta, Fecha, CodigoProducto) VALUES (1009, '2016-04-28 00:00:00', 107);
INSERT INTO Venta (CodigoVenta, Fecha, CodigoProducto) VALUES (1010, '2018-10-02 00:00:00', 101);
INSERT INTO Venta (CodigoVenta, Fecha, CodigoProducto) VALUES (1011, '2017-07-29 00:00:00', 100);
INSERT INTO Venta (CodigoVenta, Fecha, CodigoProducto) VALUES (1012, '2018-01-12 00:00:00', 106);
INSERT INTO Venta (CodigoVenta, Fecha, CodigoProducto) VALUES (1013, '2018-03-24 00:00:00', 100);
INSERT INTO Venta (CodigoVenta, Fecha, CodigoProducto) VALUES (1014, '2016-12-29 00:00:00', 109);
INSERT INTO Venta (CodigoVenta, Fecha, CodigoProducto) VALUES (1015, '2015-10-16 00:00:00', 107);
INSERT INTO Venta (CodigoVenta, Fecha, CodigoProducto) VALUES (1016, '2019-09-25 00:00:00', 108);
INSERT INTO Venta (CodigoVenta, Fecha, CodigoProducto) VALUES (1017, '2015-07-17 00:00:00', 105);
INSERT INTO Venta (CodigoVenta, Fecha, CodigoProducto) VALUES (1018, '2017-01-25 00:00:00', 103);
INSERT INTO Venta (CodigoVenta, Fecha, CodigoProducto) VALUES (1019, '2015-05-15 00:00:00', 108);
INSERT INTO Venta (CodigoVenta, Fecha, CodigoProducto) VALUES (1020, '2015-09-15 00:00:00', 108);
INSERT INTO Venta (CodigoVenta, Fecha, CodigoProducto) VALUES (1021, '2016-03-18 00:00:00', 104);
INSERT INTO Venta (CodigoVenta, Fecha, CodigoProducto) VALUES (1022, '2019-06-01 00:00:00', 109);
INSERT INTO Venta (CodigoVenta, Fecha, CodigoProducto) VALUES (1023, '2019-07-30 00:00:00', 103);
INSERT INTO Venta (CodigoVenta, Fecha, CodigoProducto) VALUES (1024, '2018-01-15 00:00:00', 106);
INSERT INTO Venta (CodigoVenta, Fecha, CodigoProducto) VALUES (1025, '2018-05-25 00:00:00', 100);
INSERT INTO Venta (CodigoVenta, Fecha, CodigoProducto) VALUES (1026, '2016-07-15 00:00:00', 100);
INSERT INTO Venta (CodigoVenta, Fecha, CodigoProducto) VALUES (1027, '2015-05-06 00:00:00', 102);
INSERT INTO Venta (CodigoVenta, Fecha, CodigoProducto) VALUES (1028, '2018-05-02 00:00:00', 107);
INSERT INTO Venta (CodigoVenta, Fecha, CodigoProducto) VALUES (1029, '2016-01-08 00:00:00', 102);
INSERT INTO Venta (CodigoVenta, Fecha, CodigoProducto) VALUES (1030, '2018-05-29 00:00:00', 108);
INSERT INTO Venta (CodigoVenta, Fecha, CodigoProducto) VALUES (1031, '2015-10-14 00:00:00', 100);
INSERT INTO Venta (CodigoVenta, Fecha, CodigoProducto) VALUES (1032, '2017-08-12 00:00:00', 104);
INSERT INTO Venta (CodigoVenta, Fecha, CodigoProducto) VALUES (1033, '2015-02-14 00:00:00', 100);
INSERT INTO Venta (CodigoVenta, Fecha, CodigoProducto) VALUES (1034, '2017-07-16 00:00:00', 100);
INSERT INTO Venta (CodigoVenta, Fecha, CodigoProducto) VALUES (1035, '2019-07-01 00:00:00', 107);
INSERT INTO Venta (CodigoVenta, Fecha, CodigoProducto) VALUES (1036, '2015-11-04 00:00:00', 104);
INSERT INTO Venta (CodigoVenta, Fecha, CodigoProducto) VALUES (1037, '2016-09-05 00:00:00', 100);
INSERT INTO Venta (CodigoVenta, Fecha, CodigoProducto) VALUES (1038, '2018-09-05 00:00:00', 107);
INSERT INTO Venta (CodigoVenta, Fecha, CodigoProducto) VALUES (1039, '2016-02-09 00:00:00', 106);
INSERT INTO Venta (CodigoVenta, Fecha, CodigoProducto) VALUES (1040, '2015-04-04 00:00:00', 100);
INSERT INTO Venta (CodigoVenta, Fecha, CodigoProducto) VALUES (1041, '2016-09-26 00:00:00', 101);
INSERT INTO Venta (CodigoVenta, Fecha, CodigoProducto) VALUES (1042, '2019-05-31 00:00:00', 105);
INSERT INTO Venta (CodigoVenta, Fecha, CodigoProducto) VALUES (1043, '2019-11-21 00:00:00', 106);
INSERT INTO Venta (CodigoVenta, Fecha, CodigoProducto) VALUES (1044, '2017-04-13 00:00:00', 100);
INSERT INTO Venta (CodigoVenta, Fecha, CodigoProducto) VALUES (1045, '2016-08-03 00:00:00', 100);
INSERT INTO Venta (CodigoVenta, Fecha, CodigoProducto) VALUES (1046, '2017-04-08 00:00:00', 100);
INSERT INTO Venta (CodigoVenta, Fecha, CodigoProducto) VALUES (1047, '2016-08-13 00:00:00', 104);
INSERT INTO Venta (CodigoVenta, Fecha, CodigoProducto) VALUES (1048, '2019-06-18 00:00:00', 106);
INSERT INTO Venta (CodigoVenta, Fecha, CodigoProducto) VALUES (1049, '2016-08-31 00:00:00', 107);
INSERT INTO Venta (CodigoVenta, Fecha, CodigoProducto) VALUES (1050, '2018-12-28 00:00:00', 105);
INSERT INTO Venta (CodigoVenta, Fecha, CodigoProducto) VALUES (1051, '2016-08-11 00:00:00', 105);
INSERT INTO Venta (CodigoVenta, Fecha, CodigoProducto) VALUES (1052, '2018-10-09 00:00:00', 103);
INSERT INTO Venta (CodigoVenta, Fecha, CodigoProducto) VALUES (1053, '2017-12-20 00:00:00', 108);
INSERT INTO Venta (CodigoVenta, Fecha, CodigoProducto) VALUES (1054, '2018-08-17 00:00:00', 100);
INSERT INTO Venta (CodigoVenta, Fecha, CodigoProducto) VALUES (1055, '2016-05-29 00:00:00', 107);
INSERT INTO Venta (CodigoVenta, Fecha, CodigoProducto) VALUES (1056, '2016-02-17 00:00:00', 104);
INSERT INTO Venta (CodigoVenta, Fecha, CodigoProducto) VALUES (1057, '2019-07-24 00:00:00', 106);
INSERT INTO Venta (CodigoVenta, Fecha, CodigoProducto) VALUES (1058, '2015-11-02 00:00:00', 109);
INSERT INTO Venta (CodigoVenta, Fecha, CodigoProducto) VALUES (1059, '2018-06-07 00:00:00', 108);
INSERT INTO Venta (CodigoVenta, Fecha, CodigoProducto) VALUES (1060, '2015-04-07 00:00:00', 104);
INSERT INTO Venta (CodigoVenta, Fecha, CodigoProducto) VALUES (1061, '2019-02-20 00:00:00', 107);
INSERT INTO Venta (CodigoVenta, Fecha, CodigoProducto) VALUES (1062, '2017-10-06 00:00:00', 102);
INSERT INTO Venta (CodigoVenta, Fecha, CodigoProducto) VALUES (1063, '2018-09-10 00:00:00', 109);
INSERT INTO Venta (CodigoVenta, Fecha, CodigoProducto) VALUES (1064, '2017-03-14 00:00:00', 101);
INSERT INTO Venta (CodigoVenta, Fecha, CodigoProducto) VALUES (1065, '2017-12-26 00:00:00', 101);
INSERT INTO Venta (CodigoVenta, Fecha, CodigoProducto) VALUES (1066, '2018-09-28 00:00:00', 101);
INSERT INTO Venta (CodigoVenta, Fecha, CodigoProducto) VALUES (1067, '2016-11-11 00:00:00', 104);
INSERT INTO Venta (CodigoVenta, Fecha, CodigoProducto) VALUES (1068, '2018-09-15 00:00:00', 105);
INSERT INTO Venta (CodigoVenta, Fecha, CodigoProducto) VALUES (1069, '2016-08-24 00:00:00', 105);
INSERT INTO Venta (CodigoVenta, Fecha, CodigoProducto) VALUES (1070, '2017-12-30 00:00:00', 106);
INSERT INTO Venta (CodigoVenta, Fecha, CodigoProducto) VALUES (1071, '2019-12-25 00:00:00', 104);
INSERT INTO Venta (CodigoVenta, Fecha, CodigoProducto) VALUES (1072, '2018-04-27 00:00:00', 104);
INSERT INTO Venta (CodigoVenta, Fecha, CodigoProducto) VALUES (1073, '2016-09-04 00:00:00', 102);
INSERT INTO Venta (CodigoVenta, Fecha, CodigoProducto) VALUES (1074, '2016-02-09 00:00:00', 104);
INSERT INTO Venta (CodigoVenta, Fecha, CodigoProducto) VALUES (1075, '2016-10-20 00:00:00', 105);
INSERT INTO Venta (CodigoVenta, Fecha, CodigoProducto) VALUES (1076, '2018-03-13 00:00:00', 108);
INSERT INTO Venta (CodigoVenta, Fecha, CodigoProducto) VALUES (1077, '2018-08-19 00:00:00', 108);
INSERT INTO Venta (CodigoVenta, Fecha, CodigoProducto) VALUES (1078, '2016-03-08 00:00:00', 106);
INSERT INTO Venta (CodigoVenta, Fecha, CodigoProducto) VALUES (1079, '2018-07-28 00:00:00', 102);
INSERT INTO Venta (CodigoVenta, Fecha, CodigoProducto) VALUES (1080, '2018-11-18 00:00:00', 109);
INSERT INTO Venta (CodigoVenta, Fecha, CodigoProducto) VALUES (1081, '2016-11-02 00:00:00', 106);
INSERT INTO Venta (CodigoVenta, Fecha, CodigoProducto) VALUES (1082, '2016-08-01 00:00:00', 106);
INSERT INTO Venta (CodigoVenta, Fecha, CodigoProducto) VALUES (1083, '2017-01-06 00:00:00', 100);
INSERT INTO Venta (CodigoVenta, Fecha, CodigoProducto) VALUES (1084, '2017-05-06 00:00:00', 106);
INSERT INTO Venta (CodigoVenta, Fecha, CodigoProducto) VALUES (1085, '2016-05-22 00:00:00', 109);
INSERT INTO Venta (CodigoVenta, Fecha, CodigoProducto) VALUES (1086, '2017-01-14 00:00:00', 101);
INSERT INTO Venta (CodigoVenta, Fecha, CodigoProducto) VALUES (1087, '2017-11-05 00:00:00', 109);
INSERT INTO Venta (CodigoVenta, Fecha, CodigoProducto) VALUES (1088, '2015-04-01 00:00:00', 102);
INSERT INTO Venta (CodigoVenta, Fecha, CodigoProducto) VALUES (1089, '2018-01-04 00:00:00', 104);
INSERT INTO Venta (CodigoVenta, Fecha, CodigoProducto) VALUES (1090, '2015-11-06 00:00:00', 107);
INSERT INTO Venta (CodigoVenta, Fecha, CodigoProducto) VALUES (1091, '2016-11-03 00:00:00', 107);
INSERT INTO Venta (CodigoVenta, Fecha, CodigoProducto) VALUES (1092, '2015-05-08 00:00:00', 100);
INSERT INTO Venta (CodigoVenta, Fecha, CodigoProducto) VALUES (1093, '2016-01-16 00:00:00', 102);
INSERT INTO Venta (CodigoVenta, Fecha, CodigoProducto) VALUES (1094, '2018-03-24 00:00:00', 101);
INSERT INTO Venta (CodigoVenta, Fecha, CodigoProducto) VALUES (1095, '2019-11-21 00:00:00', 104);
INSERT INTO Venta (CodigoVenta, Fecha, CodigoProducto) VALUES (1096, '2016-05-20 00:00:00', 101);
INSERT INTO Venta (CodigoVenta, Fecha, CodigoProducto) VALUES (1097, '2015-10-02 00:00:00', 106);
INSERT INTO Venta (CodigoVenta, Fecha, CodigoProducto) VALUES (1098, '2017-02-14 00:00:00', 109);
INSERT INTO Venta (CodigoVenta, Fecha, CodigoProducto) VALUES (1099, '2019-08-11 00:00:00', 101);
INSERT INTO Venta (CodigoVenta, Fecha, CodigoProducto) VALUES (1100, '2018-04-20 00:00:00', 108);
INSERT INTO Venta (CodigoVenta, Fecha, CodigoProducto) VALUES (1101, '2019-04-28 00:00:00', 100);
INSERT INTO Venta (CodigoVenta, Fecha, CodigoProducto) VALUES (1102, '2016-06-02 00:00:00', 108);
INSERT INTO Venta (CodigoVenta, Fecha, CodigoProducto) VALUES (1103, '2019-02-20 00:00:00', 100);
INSERT INTO Venta (CodigoVenta, Fecha, CodigoProducto) VALUES (1104, '2015-09-18 00:00:00', 100);
INSERT INTO Venta (CodigoVenta, Fecha, CodigoProducto) VALUES (1105, '2018-05-23 00:00:00', 100);
INSERT INTO Venta (CodigoVenta, Fecha, CodigoProducto) VALUES (1106, '2019-04-15 00:00:00', 108);
INSERT INTO Venta (CodigoVenta, Fecha, CodigoProducto) VALUES (1107, '2015-07-16 00:00:00', 105);
INSERT INTO Venta (CodigoVenta, Fecha, CodigoProducto) VALUES (1108, '2016-01-02 00:00:00', 105);
INSERT INTO Venta (CodigoVenta, Fecha, CodigoProducto) VALUES (1109, '2016-07-07 00:00:00', 109);
INSERT INTO Venta (CodigoVenta, Fecha, CodigoProducto) VALUES (1110, '2019-01-16 00:00:00', 102);
INSERT INTO Venta (CodigoVenta, Fecha, CodigoProducto) VALUES (1111, '2017-04-05 00:00:00', 101);
INSERT INTO Venta (CodigoVenta, Fecha, CodigoProducto) VALUES (1112, '2017-11-23 00:00:00', 102);
INSERT INTO Venta (CodigoVenta, Fecha, CodigoProducto) VALUES (1113, '2019-09-07 00:00:00', 108);
INSERT INTO Venta (CodigoVenta, Fecha, CodigoProducto) VALUES (1114, '2015-10-04 00:00:00', 102);
INSERT INTO Venta (CodigoVenta, Fecha, CodigoProducto) VALUES (1115, '2019-02-16 00:00:00', 109);
INSERT INTO Venta (CodigoVenta, Fecha, CodigoProducto) VALUES (1116, '2019-02-08 00:00:00', 105);
INSERT INTO Venta (CodigoVenta, Fecha, CodigoProducto) VALUES (1117, '2016-07-03 00:00:00', 107);
INSERT INTO Venta (CodigoVenta, Fecha, CodigoProducto) VALUES (1118, '2017-03-06 00:00:00', 105);
INSERT INTO Venta (CodigoVenta, Fecha, CodigoProducto) VALUES (1119, '2019-02-15 00:00:00', 109);
INSERT INTO Venta (CodigoVenta, Fecha, CodigoProducto) VALUES (1120, '2018-12-30 00:00:00', 101);
INSERT INTO Venta (CodigoVenta, Fecha, CodigoProducto) VALUES (1121, '2016-10-09 00:00:00', 103);
INSERT INTO Venta (CodigoVenta, Fecha, CodigoProducto) VALUES (1122, '2015-10-28 00:00:00', 102);
INSERT INTO Venta (CodigoVenta, Fecha, CodigoProducto) VALUES (1123, '2019-12-04 00:00:00', 107);
INSERT INTO Venta (CodigoVenta, Fecha, CodigoProducto) VALUES (1124, '2015-01-10 00:00:00', 104);
INSERT INTO Venta (CodigoVenta, Fecha, CodigoProducto) VALUES (1125, '2015-05-07 00:00:00', 102);
INSERT INTO Venta (CodigoVenta, Fecha, CodigoProducto) VALUES (1126, '2019-02-07 00:00:00', 104);
INSERT INTO Venta (CodigoVenta, Fecha, CodigoProducto) VALUES (1127, '2019-04-19 00:00:00', 104);
INSERT INTO Venta (CodigoVenta, Fecha, CodigoProducto) VALUES (1128, '2016-01-01 00:00:00', 100);
INSERT INTO Venta (CodigoVenta, Fecha, CodigoProducto) VALUES (1129, '2015-05-14 00:00:00', 104);
INSERT INTO Venta (CodigoVenta, Fecha, CodigoProducto) VALUES (1130, '2015-04-20 00:00:00', 106);
INSERT INTO Venta (CodigoVenta, Fecha, CodigoProducto) VALUES (1131, '2019-01-09 00:00:00', 102);
INSERT INTO Venta (CodigoVenta, Fecha, CodigoProducto) VALUES (1132, '2015-05-14 00:00:00', 107);
INSERT INTO Venta (CodigoVenta, Fecha, CodigoProducto) VALUES (1133, '2018-01-15 00:00:00', 100);
INSERT INTO Venta (CodigoVenta, Fecha, CodigoProducto) VALUES (1134, '2016-03-19 00:00:00', 103);
INSERT INTO Venta (CodigoVenta, Fecha, CodigoProducto) VALUES (1135, '2015-07-29 00:00:00', 105);
INSERT INTO Venta (CodigoVenta, Fecha, CodigoProducto) VALUES (1136, '2019-01-23 00:00:00', 107);
INSERT INTO Venta (CodigoVenta, Fecha, CodigoProducto) VALUES (1137, '2018-09-13 00:00:00', 108);
INSERT INTO Venta (CodigoVenta, Fecha, CodigoProducto) VALUES (1138, '2016-02-18 00:00:00', 103);
INSERT INTO Venta (CodigoVenta, Fecha, CodigoProducto) VALUES (1139, '2019-01-29 00:00:00', 103);
INSERT INTO Venta (CodigoVenta, Fecha, CodigoProducto) VALUES (1140, '2018-09-21 00:00:00', 104);
INSERT INTO Venta (CodigoVenta, Fecha, CodigoProducto) VALUES (1141, '2019-12-26 00:00:00', 108);
INSERT INTO Venta (CodigoVenta, Fecha, CodigoProducto) VALUES (1142, '2015-03-17 00:00:00', 104);
INSERT INTO Venta (CodigoVenta, Fecha, CodigoProducto) VALUES (1143, '2019-01-08 00:00:00', 109);
INSERT INTO Venta (CodigoVenta, Fecha, CodigoProducto) VALUES (1144, '2016-05-17 00:00:00', 102);
INSERT INTO Venta (CodigoVenta, Fecha, CodigoProducto) VALUES (1145, '2018-03-10 00:00:00', 104);
INSERT INTO Venta (CodigoVenta, Fecha, CodigoProducto) VALUES (1146, '2019-11-01 00:00:00', 100);
INSERT INTO Venta (CodigoVenta, Fecha, CodigoProducto) VALUES (1147, '2018-02-11 00:00:00', 103);
INSERT INTO Venta (CodigoVenta, Fecha, CodigoProducto) VALUES (1148, '2018-10-20 00:00:00', 108);
INSERT INTO Venta (CodigoVenta, Fecha, CodigoProducto) VALUES (1149, '2015-08-18 00:00:00', 100);
INSERT INTO Venta (CodigoVenta, Fecha, CodigoProducto) VALUES (1150, '2017-07-20 00:00:00', 107);
INSERT INTO Venta (CodigoVenta, Fecha, CodigoProducto) VALUES (1151, '2018-10-22 00:00:00', 108);
INSERT INTO Venta (CodigoVenta, Fecha, CodigoProducto) VALUES (1152, '2015-07-26 00:00:00', 104);
INSERT INTO Venta (CodigoVenta, Fecha, CodigoProducto) VALUES (1153, '2015-08-31 00:00:00', 105);
INSERT INTO Venta (CodigoVenta, Fecha, CodigoProducto) VALUES (1154, '2015-02-13 00:00:00', 108);
INSERT INTO Venta (CodigoVenta, Fecha, CodigoProducto) VALUES (1155, '2018-05-11 00:00:00', 103);
INSERT INTO Venta (CodigoVenta, Fecha, CodigoProducto) VALUES (1156, '2018-01-09 00:00:00', 101);
INSERT INTO Venta (CodigoVenta, Fecha, CodigoProducto) VALUES (1157, '2018-07-20 00:00:00', 102);
INSERT INTO Venta (CodigoVenta, Fecha, CodigoProducto) VALUES (1158, '2016-03-11 00:00:00', 106);
INSERT INTO Venta (CodigoVenta, Fecha, CodigoProducto) VALUES (1159, '2016-07-11 00:00:00', 109);
INSERT INTO Venta (CodigoVenta, Fecha, CodigoProducto) VALUES (1160, '2018-04-29 00:00:00', 108);
INSERT INTO Venta (CodigoVenta, Fecha, CodigoProducto) VALUES (1161, '2018-11-27 00:00:00', 107);
INSERT INTO Venta (CodigoVenta, Fecha, CodigoProducto) VALUES (1162, '2015-06-04 00:00:00', 101);
INSERT INTO Venta (CodigoVenta, Fecha, CodigoProducto) VALUES (1163, '2019-11-16 00:00:00', 109);
INSERT INTO Venta (CodigoVenta, Fecha, CodigoProducto) VALUES (1164, '2018-05-01 00:00:00', 104);
INSERT INTO Venta (CodigoVenta, Fecha, CodigoProducto) VALUES (1165, '2015-06-05 00:00:00', 100);
INSERT INTO Venta (CodigoVenta, Fecha, CodigoProducto) VALUES (1166, '2016-01-26 00:00:00', 100);
INSERT INTO Venta (CodigoVenta, Fecha, CodigoProducto) VALUES (1167, '2016-10-20 00:00:00', 108);
INSERT INTO Venta (CodigoVenta, Fecha, CodigoProducto) VALUES (1168, '2017-12-19 00:00:00', 100);
INSERT INTO Venta (CodigoVenta, Fecha, CodigoProducto) VALUES (1169, '2015-07-19 00:00:00', 106);
INSERT INTO Venta (CodigoVenta, Fecha, CodigoProducto) VALUES (1170, '2016-02-25 00:00:00', 105);
INSERT INTO Venta (CodigoVenta, Fecha, CodigoProducto) VALUES (1171, '2016-01-14 00:00:00', 106);
INSERT INTO Venta (CodigoVenta, Fecha, CodigoProducto) VALUES (1172, '2015-12-01 00:00:00', 101);
INSERT INTO Venta (CodigoVenta, Fecha, CodigoProducto) VALUES (1173, '2018-04-22 00:00:00', 104);
INSERT INTO Venta (CodigoVenta, Fecha, CodigoProducto) VALUES (1174, '2017-04-25 00:00:00', 107);
INSERT INTO Venta (CodigoVenta, Fecha, CodigoProducto) VALUES (1175, '2018-03-19 00:00:00', 100);
INSERT INTO Venta (CodigoVenta, Fecha, CodigoProducto) VALUES (1176, '2017-06-05 00:00:00', 102);
INSERT INTO Venta (CodigoVenta, Fecha, CodigoProducto) VALUES (1177, '2015-04-07 00:00:00', 100);
INSERT INTO Venta (CodigoVenta, Fecha, CodigoProducto) VALUES (1178, '2016-09-25 00:00:00', 104);
INSERT INTO Venta (CodigoVenta, Fecha, CodigoProducto) VALUES (1179, '2015-04-16 00:00:00', 109);
INSERT INTO Venta (CodigoVenta, Fecha, CodigoProducto) VALUES (1180, '2016-04-16 00:00:00', 100);
INSERT INTO Venta (CodigoVenta, Fecha, CodigoProducto) VALUES (1181, '2017-12-22 00:00:00', 104);
INSERT INTO Venta (CodigoVenta, Fecha, CodigoProducto) VALUES (1182, '2015-07-01 00:00:00', 102);
INSERT INTO Venta (CodigoVenta, Fecha, CodigoProducto) VALUES (1183, '2015-12-25 00:00:00', 103);
INSERT INTO Venta (CodigoVenta, Fecha, CodigoProducto) VALUES (1184, '2019-08-21 00:00:00', 100);
INSERT INTO Venta (CodigoVenta, Fecha, CodigoProducto) VALUES (1185, '2018-06-18 00:00:00', 102);
INSERT INTO Venta (CodigoVenta, Fecha, CodigoProducto) VALUES (1186, '2016-07-03 00:00:00', 105);
INSERT INTO Venta (CodigoVenta, Fecha, CodigoProducto) VALUES (1187, '2018-06-08 00:00:00', 103);
INSERT INTO Venta (CodigoVenta, Fecha, CodigoProducto) VALUES (1188, '2018-03-05 00:00:00', 106);
INSERT INTO Venta (CodigoVenta, Fecha, CodigoProducto) VALUES (1189, '2018-01-04 00:00:00', 100);
INSERT INTO Venta (CodigoVenta, Fecha, CodigoProducto) VALUES (1190, '2019-06-09 00:00:00', 107);
INSERT INTO Venta (CodigoVenta, Fecha, CodigoProducto) VALUES (1191, '2019-09-08 00:00:00', 101);
INSERT INTO Venta (CodigoVenta, Fecha, CodigoProducto) VALUES (1192, '2016-01-14 00:00:00', 101);
INSERT INTO Venta (CodigoVenta, Fecha, CodigoProducto) VALUES (1193, '2018-05-18 00:00:00', 106);
INSERT INTO Venta (CodigoVenta, Fecha, CodigoProducto) VALUES (1194, '2016-11-13 00:00:00', 108);
INSERT INTO Venta (CodigoVenta, Fecha, CodigoProducto) VALUES (1195, '2015-10-14 00:00:00', 106);
INSERT INTO Venta (CodigoVenta, Fecha, CodigoProducto) VALUES (1196, '2018-12-25 00:00:00', 109);
INSERT INTO Venta (CodigoVenta, Fecha, CodigoProducto) VALUES (1197, '2017-02-27 00:00:00', 108);
INSERT INTO Venta (CodigoVenta, Fecha, CodigoProducto) VALUES (1198, '2019-02-20 00:00:00', 101);
INSERT INTO Venta (CodigoVenta, Fecha, CodigoProducto) VALUES (1199, '2015-10-18 00:00:00', 102);
INSERT INTO Venta (CodigoVenta, Fecha, CodigoProducto) VALUES (1200, '2017-05-23 00:00:00', 107);
INSERT INTO Venta (CodigoVenta, Fecha, CodigoProducto) VALUES (1201, '2015-11-17 00:00:00', 109);
INSERT INTO Venta (CodigoVenta, Fecha, CodigoProducto) VALUES (1202, '2015-08-02 00:00:00', 105);
INSERT INTO Venta (CodigoVenta, Fecha, CodigoProducto) VALUES (1203, '2019-04-13 00:00:00', 109);
INSERT INTO Venta (CodigoVenta, Fecha, CodigoProducto) VALUES (1204, '2018-02-14 00:00:00', 109);
INSERT INTO Venta (CodigoVenta, Fecha, CodigoProducto) VALUES (1205, '2018-05-20 00:00:00', 102);
INSERT INTO Venta (CodigoVenta, Fecha, CodigoProducto) VALUES (1206, '2017-11-17 00:00:00', 108);
INSERT INTO Venta (CodigoVenta, Fecha, CodigoProducto) VALUES (1207, '2015-05-26 00:00:00', 109);
INSERT INTO Venta (CodigoVenta, Fecha, CodigoProducto) VALUES (1208, '2015-05-24 00:00:00', 100);
INSERT INTO Venta (CodigoVenta, Fecha, CodigoProducto) VALUES (1209, '2015-09-28 00:00:00', 107);
INSERT INTO Venta (CodigoVenta, Fecha, CodigoProducto) VALUES (1210, '2018-01-19 00:00:00', 107);
INSERT INTO Venta (CodigoVenta, Fecha, CodigoProducto) VALUES (1211, '2019-09-05 00:00:00', 101);
INSERT INTO Venta (CodigoVenta, Fecha, CodigoProducto) VALUES (1212, '2016-06-08 00:00:00', 109);
INSERT INTO Venta (CodigoVenta, Fecha, CodigoProducto) VALUES (1213, '2017-08-04 00:00:00', 107);
INSERT INTO Venta (CodigoVenta, Fecha, CodigoProducto) VALUES (1214, '2017-12-19 00:00:00', 100);
INSERT INTO Venta (CodigoVenta, Fecha, CodigoProducto) VALUES (1215, '2017-01-12 00:00:00', 109);
INSERT INTO Venta (CodigoVenta, Fecha, CodigoProducto) VALUES (1216, '2015-01-18 00:00:00', 108);
INSERT INTO Venta (CodigoVenta, Fecha, CodigoProducto) VALUES (1217, '2019-07-08 00:00:00', 108);
INSERT INTO Venta (CodigoVenta, Fecha, CodigoProducto) VALUES (1218, '2016-08-21 00:00:00', 108);
INSERT INTO Venta (CodigoVenta, Fecha, CodigoProducto) VALUES (1219, '2018-07-13 00:00:00', 100);
INSERT INTO Venta (CodigoVenta, Fecha, CodigoProducto) VALUES (1220, '2015-06-05 00:00:00', 104);
INSERT INTO Venta (CodigoVenta, Fecha, CodigoProducto) VALUES (1221, '2016-11-10 00:00:00', 106);
INSERT INTO Venta (CodigoVenta, Fecha, CodigoProducto) VALUES (1222, '2015-04-18 00:00:00', 101);
INSERT INTO Venta (CodigoVenta, Fecha, CodigoProducto) VALUES (1223, '2019-12-07 00:00:00', 106);
INSERT INTO Venta (CodigoVenta, Fecha, CodigoProducto) VALUES (1224, '2019-05-14 00:00:00', 105);
INSERT INTO Venta (CodigoVenta, Fecha, CodigoProducto) VALUES (1225, '2019-08-11 00:00:00', 102);
INSERT INTO Venta (CodigoVenta, Fecha, CodigoProducto) VALUES (1226, '2019-09-03 00:00:00', 108);
INSERT INTO Venta (CodigoVenta, Fecha, CodigoProducto) VALUES (1227, '2017-02-09 00:00:00', 103);
INSERT INTO Venta (CodigoVenta, Fecha, CodigoProducto) VALUES (1228, '2019-05-21 00:00:00', 103);
INSERT INTO Venta (CodigoVenta, Fecha, CodigoProducto) VALUES (1229, '2015-05-30 00:00:00', 105);
INSERT INTO Venta (CodigoVenta, Fecha, CodigoProducto) VALUES (1230, '2018-03-19 00:00:00', 100);
INSERT INTO Venta (CodigoVenta, Fecha, CodigoProducto) VALUES (1231, '2016-01-05 00:00:00', 101);
INSERT INTO Venta (CodigoVenta, Fecha, CodigoProducto) VALUES (1232, '2018-01-03 00:00:00', 102);
INSERT INTO Venta (CodigoVenta, Fecha, CodigoProducto) VALUES (1233, '2018-07-19 00:00:00', 102);
INSERT INTO Venta (CodigoVenta, Fecha, CodigoProducto) VALUES (1234, '2015-01-05 00:00:00', 103);
INSERT INTO Venta (CodigoVenta, Fecha, CodigoProducto) VALUES (1235, '2018-05-15 00:00:00', 100);
INSERT INTO Venta (CodigoVenta, Fecha, CodigoProducto) VALUES (1236, '2019-11-21 00:00:00', 101);
INSERT INTO Venta (CodigoVenta, Fecha, CodigoProducto) VALUES (1237, '2017-09-18 00:00:00', 107);
INSERT INTO Venta (CodigoVenta, Fecha, CodigoProducto) VALUES (1238, '2018-09-02 00:00:00', 102);
INSERT INTO Venta (CodigoVenta, Fecha, CodigoProducto) VALUES (1239, '2015-03-12 00:00:00', 107);
INSERT INTO Venta (CodigoVenta, Fecha, CodigoProducto) VALUES (1240, '2018-12-06 00:00:00', 100);
INSERT INTO Venta (CodigoVenta, Fecha, CodigoProducto) VALUES (1241, '2016-08-17 00:00:00', 102);
INSERT INTO Venta (CodigoVenta, Fecha, CodigoProducto) VALUES (1242, '2018-02-11 00:00:00', 105);
INSERT INTO Venta (CodigoVenta, Fecha, CodigoProducto) VALUES (1243, '2017-11-27 00:00:00', 102);
INSERT INTO Venta (CodigoVenta, Fecha, CodigoProducto) VALUES (1244, '2015-02-13 00:00:00', 107);
INSERT INTO Venta (CodigoVenta, Fecha, CodigoProducto) VALUES (1245, '2015-06-10 00:00:00', 105);
INSERT INTO Venta (CodigoVenta, Fecha, CodigoProducto) VALUES (1246, '2016-08-14 00:00:00', 101);
INSERT INTO Venta (CodigoVenta, Fecha, CodigoProducto) VALUES (1247, '2016-02-20 00:00:00', 104);
INSERT INTO Venta (CodigoVenta, Fecha, CodigoProducto) VALUES (1248, '2018-08-24 00:00:00', 105);
INSERT INTO Venta (CodigoVenta, Fecha, CodigoProducto) VALUES (1249, '2018-06-11 00:00:00', 100);
INSERT INTO Venta (CodigoVenta, Fecha, CodigoProducto) VALUES (1250, '2016-03-18 00:00:00', 104);
INSERT INTO Venta (CodigoVenta, Fecha, CodigoProducto) VALUES (1251, '2019-03-05 00:00:00', 101);
INSERT INTO Venta (CodigoVenta, Fecha, CodigoProducto) VALUES (1252, '2019-07-15 00:00:00', 106);
INSERT INTO Venta (CodigoVenta, Fecha, CodigoProducto) VALUES (1253, '2018-01-29 00:00:00', 101);
INSERT INTO Venta (CodigoVenta, Fecha, CodigoProducto) VALUES (1254, '2019-01-28 00:00:00', 101);
INSERT INTO Venta (CodigoVenta, Fecha, CodigoProducto) VALUES (1255, '2019-01-03 00:00:00', 108);
INSERT INTO Venta (CodigoVenta, Fecha, CodigoProducto) VALUES (1256, '2018-11-16 00:00:00', 102);
INSERT INTO Venta (CodigoVenta, Fecha, CodigoProducto) VALUES (1257, '2017-05-16 00:00:00', 103);
INSERT INTO Venta (CodigoVenta, Fecha, CodigoProducto) VALUES (1258, '2019-06-09 00:00:00', 102);
INSERT INTO Venta (CodigoVenta, Fecha, CodigoProducto) VALUES (1259, '2018-06-25 00:00:00', 109);
INSERT INTO Venta (CodigoVenta, Fecha, CodigoProducto) VALUES (1260, '2016-02-27 00:00:00', 108);
INSERT INTO Venta (CodigoVenta, Fecha, CodigoProducto) VALUES (1261, '2016-04-18 00:00:00', 100);
INSERT INTO Venta (CodigoVenta, Fecha, CodigoProducto) VALUES (1262, '2018-04-23 00:00:00', 105);
INSERT INTO Venta (CodigoVenta, Fecha, CodigoProducto) VALUES (1263, '2018-01-18 00:00:00', 103);
INSERT INTO Venta (CodigoVenta, Fecha, CodigoProducto) VALUES (1264, '2015-02-27 00:00:00', 100);
INSERT INTO Venta (CodigoVenta, Fecha, CodigoProducto) VALUES (1265, '2019-07-11 00:00:00', 103);
INSERT INTO Venta (CodigoVenta, Fecha, CodigoProducto) VALUES (1266, '2015-10-13 00:00:00', 107);
INSERT INTO Venta (CodigoVenta, Fecha, CodigoProducto) VALUES (1267, '2017-04-09 00:00:00', 109);
INSERT INTO Venta (CodigoVenta, Fecha, CodigoProducto) VALUES (1268, '2015-12-13 00:00:00', 109);
INSERT INTO Venta (CodigoVenta, Fecha, CodigoProducto) VALUES (1269, '2016-08-28 00:00:00', 101);
INSERT INTO Venta (CodigoVenta, Fecha, CodigoProducto) VALUES (1270, '2015-09-13 00:00:00', 108);
INSERT INTO Venta (CodigoVenta, Fecha, CodigoProducto) VALUES (1271, '2017-10-11 00:00:00', 107);
INSERT INTO Venta (CodigoVenta, Fecha, CodigoProducto) VALUES (1272, '2019-11-08 00:00:00', 102);
INSERT INTO Venta (CodigoVenta, Fecha, CodigoProducto) VALUES (1273, '2017-04-23 00:00:00', 108);
INSERT INTO Venta (CodigoVenta, Fecha, CodigoProducto) VALUES (1274, '2018-09-14 00:00:00', 105);
INSERT INTO Venta (CodigoVenta, Fecha, CodigoProducto) VALUES (1275, '2016-02-04 00:00:00', 105);
INSERT INTO Venta (CodigoVenta, Fecha, CodigoProducto) VALUES (1276, '2018-03-02 00:00:00', 102);
INSERT INTO Venta (CodigoVenta, Fecha, CodigoProducto) VALUES (1277, '2016-12-21 00:00:00', 100);
INSERT INTO Venta (CodigoVenta, Fecha, CodigoProducto) VALUES (1278, '2019-03-16 00:00:00', 107);
INSERT INTO Venta (CodigoVenta, Fecha, CodigoProducto) VALUES (1279, '2019-08-09 00:00:00', 100);
INSERT INTO Venta (CodigoVenta, Fecha, CodigoProducto) VALUES (1280, '2017-09-30 00:00:00', 109);
INSERT INTO Venta (CodigoVenta, Fecha, CodigoProducto) VALUES (1281, '2018-06-14 00:00:00', 103);
INSERT INTO Venta (CodigoVenta, Fecha, CodigoProducto) VALUES (1282, '2016-09-29 00:00:00', 109);
INSERT INTO Venta (CodigoVenta, Fecha, CodigoProducto) VALUES (1283, '2017-02-24 00:00:00', 101);
INSERT INTO Venta (CodigoVenta, Fecha, CodigoProducto) VALUES (1284, '2016-12-30 00:00:00', 102);
INSERT INTO Venta (CodigoVenta, Fecha, CodigoProducto) VALUES (1285, '2017-07-24 00:00:00', 100);
INSERT INTO Venta (CodigoVenta, Fecha, CodigoProducto) VALUES (1286, '2017-06-04 00:00:00', 109);
INSERT INTO Venta (CodigoVenta, Fecha, CodigoProducto) VALUES (1287, '2018-11-15 00:00:00', 100);
INSERT INTO Venta (CodigoVenta, Fecha, CodigoProducto) VALUES (1288, '2018-10-30 00:00:00', 106);
INSERT INTO Venta (CodigoVenta, Fecha, CodigoProducto) VALUES (1289, '2018-11-13 00:00:00', 100);
INSERT INTO Venta (CodigoVenta, Fecha, CodigoProducto) VALUES (1290, '2018-04-20 00:00:00', 105);
INSERT INTO Venta (CodigoVenta, Fecha, CodigoProducto) VALUES (1291, '2015-08-28 00:00:00', 109);
INSERT INTO Venta (CodigoVenta, Fecha, CodigoProducto) VALUES (1292, '2016-03-06 00:00:00', 106);
INSERT INTO Venta (CodigoVenta, Fecha, CodigoProducto) VALUES (1293, '2016-05-02 00:00:00', 104);
INSERT INTO Venta (CodigoVenta, Fecha, CodigoProducto) VALUES (1294, '2015-05-26 00:00:00', 107);
INSERT INTO Venta (CodigoVenta, Fecha, CodigoProducto) VALUES (1295, '2019-04-18 00:00:00', 109);
INSERT INTO Venta (CodigoVenta, Fecha, CodigoProducto) VALUES (1296, '2016-04-08 00:00:00', 108);
INSERT INTO Venta (CodigoVenta, Fecha, CodigoProducto) VALUES (1297, '2017-08-19 00:00:00', 101);
INSERT INTO Venta (CodigoVenta, Fecha, CodigoProducto) VALUES (1298, '2017-04-29 00:00:00', 105);
INSERT INTO Venta (CodigoVenta, Fecha, CodigoProducto) VALUES (1299, '2016-05-09 00:00:00', 105);
INSERT INTO Venta (CodigoVenta, Fecha, CodigoProducto) VALUES (1300, '2019-04-16 00:00:00', 101);
INSERT INTO Venta (CodigoVenta, Fecha, CodigoProducto) VALUES (1301, '2018-12-13 00:00:00', 100);
INSERT INTO Venta (CodigoVenta, Fecha, CodigoProducto) VALUES (1302, '2015-06-03 00:00:00', 101);
INSERT INTO Venta (CodigoVenta, Fecha, CodigoProducto) VALUES (1303, '2017-03-04 00:00:00', 103);
INSERT INTO Venta (CodigoVenta, Fecha, CodigoProducto) VALUES (1304, '2019-10-16 00:00:00', 104);
INSERT INTO Venta (CodigoVenta, Fecha, CodigoProducto) VALUES (1305, '2017-08-04 00:00:00', 103);
INSERT INTO Venta (CodigoVenta, Fecha, CodigoProducto) VALUES (1306, '2018-09-03 00:00:00', 107);
INSERT INTO Venta (CodigoVenta, Fecha, CodigoProducto) VALUES (1307, '2018-05-21 00:00:00', 102);
INSERT INTO Venta (CodigoVenta, Fecha, CodigoProducto) VALUES (1308, '2019-07-04 00:00:00', 104);
INSERT INTO Venta (CodigoVenta, Fecha, CodigoProducto) VALUES (1309, '2018-10-07 00:00:00', 108);
INSERT INTO Venta (CodigoVenta, Fecha, CodigoProducto) VALUES (1310, '2019-10-02 00:00:00', 107);
INSERT INTO Venta (CodigoVenta, Fecha, CodigoProducto) VALUES (1311, '2017-06-07 00:00:00', 103);
INSERT INTO Venta (CodigoVenta, Fecha, CodigoProducto) VALUES (1312, '2015-12-19 00:00:00', 107);
INSERT INTO Venta (CodigoVenta, Fecha, CodigoProducto) VALUES (1313, '2017-11-11 00:00:00', 101);
INSERT INTO Venta (CodigoVenta, Fecha, CodigoProducto) VALUES (1314, '2019-06-10 00:00:00', 105);
INSERT INTO Venta (CodigoVenta, Fecha, CodigoProducto) VALUES (1315, '2018-01-18 00:00:00', 107);
INSERT INTO Venta (CodigoVenta, Fecha, CodigoProducto) VALUES (1316, '2019-11-18 00:00:00', 109);
INSERT INTO Venta (CodigoVenta, Fecha, CodigoProducto) VALUES (1317, '2016-12-15 00:00:00', 105);
INSERT INTO Venta (CodigoVenta, Fecha, CodigoProducto) VALUES (1318, '2019-02-21 00:00:00', 109);
INSERT INTO Venta (CodigoVenta, Fecha, CodigoProducto) VALUES (1319, '2015-06-19 00:00:00', 100);
INSERT INTO Venta (CodigoVenta, Fecha, CodigoProducto) VALUES (1320, '2015-04-18 00:00:00', 107);
INSERT INTO Venta (CodigoVenta, Fecha, CodigoProducto) VALUES (1321, '2019-07-30 00:00:00', 100);
INSERT INTO Venta (CodigoVenta, Fecha, CodigoProducto) VALUES (1322, '2017-01-07 00:00:00', 102);
INSERT INTO Venta (CodigoVenta, Fecha, CodigoProducto) VALUES (1323, '2016-09-10 00:00:00', 100);
INSERT INTO Venta (CodigoVenta, Fecha, CodigoProducto) VALUES (1324, '2016-07-14 00:00:00', 105);
INSERT INTO Venta (CodigoVenta, Fecha, CodigoProducto) VALUES (1325, '2015-02-06 00:00:00', 107);
INSERT INTO Venta (CodigoVenta, Fecha, CodigoProducto) VALUES (1326, '2016-07-13 00:00:00', 106);
INSERT INTO Venta (CodigoVenta, Fecha, CodigoProducto) VALUES (1327, '2016-05-16 00:00:00', 108);
INSERT INTO Venta (CodigoVenta, Fecha, CodigoProducto) VALUES (1328, '2016-09-01 00:00:00', 107);
INSERT INTO Venta (CodigoVenta, Fecha, CodigoProducto) VALUES (1329, '2017-07-05 00:00:00', 105);
INSERT INTO Venta (CodigoVenta, Fecha, CodigoProducto) VALUES (1330, '2015-02-17 00:00:00', 104);
INSERT INTO Venta (CodigoVenta, Fecha, CodigoProducto) VALUES (1331, '2015-05-19 00:00:00', 106);
INSERT INTO Venta (CodigoVenta, Fecha, CodigoProducto) VALUES (1332, '2017-11-25 00:00:00', 101);
INSERT INTO Venta (CodigoVenta, Fecha, CodigoProducto) VALUES (1333, '2015-05-31 00:00:00', 109);
INSERT INTO Venta (CodigoVenta, Fecha, CodigoProducto) VALUES (1334, '2015-04-29 00:00:00', 103);
INSERT INTO Venta (CodigoVenta, Fecha, CodigoProducto) VALUES (1335, '2015-06-24 00:00:00', 103);
INSERT INTO Venta (CodigoVenta, Fecha, CodigoProducto) VALUES (1336, '2018-12-31 00:00:00', 106);
INSERT INTO Venta (CodigoVenta, Fecha, CodigoProducto) VALUES (1337, '2016-11-19 00:00:00', 107);
INSERT INTO Venta (CodigoVenta, Fecha, CodigoProducto) VALUES (1338, '2015-09-05 00:00:00', 100);
INSERT INTO Venta (CodigoVenta, Fecha, CodigoProducto) VALUES (1339, '2015-11-08 00:00:00', 100);
INSERT INTO Venta (CodigoVenta, Fecha, CodigoProducto) VALUES (1340, '2018-11-07 00:00:00', 108);
INSERT INTO Venta (CodigoVenta, Fecha, CodigoProducto) VALUES (1341, '2019-11-16 00:00:00', 102);
INSERT INTO Venta (CodigoVenta, Fecha, CodigoProducto) VALUES (1342, '2018-05-25 00:00:00', 102);
INSERT INTO Venta (CodigoVenta, Fecha, CodigoProducto) VALUES (1343, '2017-02-21 00:00:00', 107);
INSERT INTO Venta (CodigoVenta, Fecha, CodigoProducto) VALUES (1344, '2018-07-24 00:00:00', 104);
INSERT INTO Venta (CodigoVenta, Fecha, CodigoProducto) VALUES (1345, '2017-03-29 00:00:00', 106);
INSERT INTO Venta (CodigoVenta, Fecha, CodigoProducto) VALUES (1346, '2019-02-09 00:00:00', 107);
INSERT INTO Venta (CodigoVenta, Fecha, CodigoProducto) VALUES (1347, '2017-07-07 00:00:00', 102);
INSERT INTO Venta (CodigoVenta, Fecha, CodigoProducto) VALUES (1348, '2017-08-31 00:00:00', 103);
INSERT INTO Venta (CodigoVenta, Fecha, CodigoProducto) VALUES (1349, '2015-07-01 00:00:00', 103);
INSERT INTO Venta (CodigoVenta, Fecha, CodigoProducto) VALUES (1350, '2019-07-31 00:00:00', 101);
INSERT INTO Venta (CodigoVenta, Fecha, CodigoProducto) VALUES (1351, '2019-07-04 00:00:00', 103);
INSERT INTO Venta (CodigoVenta, Fecha, CodigoProducto) VALUES (1352, '2015-06-20 00:00:00', 104);
INSERT INTO Venta (CodigoVenta, Fecha, CodigoProducto) VALUES (1353, '2015-01-23 00:00:00', 102);
INSERT INTO Venta (CodigoVenta, Fecha, CodigoProducto) VALUES (1354, '2017-05-27 00:00:00', 108);
INSERT INTO Venta (CodigoVenta, Fecha, CodigoProducto) VALUES (1355, '2017-11-06 00:00:00', 101);
INSERT INTO Venta (CodigoVenta, Fecha, CodigoProducto) VALUES (1356, '2018-05-07 00:00:00', 105);
INSERT INTO Venta (CodigoVenta, Fecha, CodigoProducto) VALUES (1357, '2016-07-13 00:00:00', 106);
INSERT INTO Venta (CodigoVenta, Fecha, CodigoProducto) VALUES (1358, '2019-06-11 00:00:00', 108);
INSERT INTO Venta (CodigoVenta, Fecha, CodigoProducto) VALUES (1359, '2019-04-17 00:00:00', 102);
INSERT INTO Venta (CodigoVenta, Fecha, CodigoProducto) VALUES (1360, '2016-11-27 00:00:00', 102);
INSERT INTO Venta (CodigoVenta, Fecha, CodigoProducto) VALUES (1361, '2015-07-28 00:00:00', 107);
INSERT INTO Venta (CodigoVenta, Fecha, CodigoProducto) VALUES (1362, '2015-02-28 00:00:00', 101);
INSERT INTO Venta (CodigoVenta, Fecha, CodigoProducto) VALUES (1363, '2016-09-20 00:00:00', 103);
INSERT INTO Venta (CodigoVenta, Fecha, CodigoProducto) VALUES (1364, '2017-10-10 00:00:00', 108);
INSERT INTO Venta (CodigoVenta, Fecha, CodigoProducto) VALUES (1365, '2015-05-12 00:00:00', 104);
INSERT INTO Venta (CodigoVenta, Fecha, CodigoProducto) VALUES (1366, '2019-02-24 00:00:00', 109);
INSERT INTO Venta (CodigoVenta, Fecha, CodigoProducto) VALUES (1367, '2017-04-23 00:00:00', 104);
INSERT INTO Venta (CodigoVenta, Fecha, CodigoProducto) VALUES (1368, '2015-02-21 00:00:00', 106);
INSERT INTO Venta (CodigoVenta, Fecha, CodigoProducto) VALUES (1369, '2019-08-04 00:00:00', 106);
INSERT INTO Venta (CodigoVenta, Fecha, CodigoProducto) VALUES (1370, '2017-02-19 00:00:00', 109);
INSERT INTO Venta (CodigoVenta, Fecha, CodigoProducto) VALUES (1371, '2016-02-10 00:00:00', 108);
INSERT INTO Venta (CodigoVenta, Fecha, CodigoProducto) VALUES (1372, '2018-10-26 00:00:00', 106);
INSERT INTO Venta (CodigoVenta, Fecha, CodigoProducto) VALUES (1373, '2017-07-07 00:00:00', 109);
INSERT INTO Venta (CodigoVenta, Fecha, CodigoProducto) VALUES (1374, '2015-12-12 00:00:00', 106);
INSERT INTO Venta (CodigoVenta, Fecha, CodigoProducto) VALUES (1375, '2016-08-10 00:00:00', 107);
INSERT INTO Venta (CodigoVenta, Fecha, CodigoProducto) VALUES (1376, '2015-12-22 00:00:00', 101);
INSERT INTO Venta (CodigoVenta, Fecha, CodigoProducto) VALUES (1377, '2018-01-02 00:00:00', 100);
INSERT INTO Venta (CodigoVenta, Fecha, CodigoProducto) VALUES (1378, '2016-08-05 00:00:00', 105);
INSERT INTO Venta (CodigoVenta, Fecha, CodigoProducto) VALUES (1379, '2019-02-14 00:00:00', 107);
INSERT INTO Venta (CodigoVenta, Fecha, CodigoProducto) VALUES (1380, '2019-09-12 00:00:00', 108);
INSERT INTO Venta (CodigoVenta, Fecha, CodigoProducto) VALUES (1381, '2015-02-09 00:00:00', 105);
INSERT INTO Venta (CodigoVenta, Fecha, CodigoProducto) VALUES (1382, '2017-11-15 00:00:00', 109);
INSERT INTO Venta (CodigoVenta, Fecha, CodigoProducto) VALUES (1383, '2019-11-01 00:00:00', 105);
INSERT INTO Venta (CodigoVenta, Fecha, CodigoProducto) VALUES (1384, '2016-06-26 00:00:00', 105);
INSERT INTO Venta (CodigoVenta, Fecha, CodigoProducto) VALUES (1385, '2019-06-14 00:00:00', 100);
INSERT INTO Venta (CodigoVenta, Fecha, CodigoProducto) VALUES (1386, '2018-08-02 00:00:00', 104);
INSERT INTO Venta (CodigoVenta, Fecha, CodigoProducto) VALUES (1387, '2019-02-04 00:00:00', 101);
INSERT INTO Venta (CodigoVenta, Fecha, CodigoProducto) VALUES (1388, '2015-09-27 00:00:00', 103);
INSERT INTO Venta (CodigoVenta, Fecha, CodigoProducto) VALUES (1389, '2016-08-08 00:00:00', 101);
INSERT INTO Venta (CodigoVenta, Fecha, CodigoProducto) VALUES (1390, '2019-08-11 00:00:00', 102);
INSERT INTO Venta (CodigoVenta, Fecha, CodigoProducto) VALUES (1391, '2019-05-19 00:00:00', 102);
INSERT INTO Venta (CodigoVenta, Fecha, CodigoProducto) VALUES (1392, '2017-09-28 00:00:00', 102);
INSERT INTO Venta (CodigoVenta, Fecha, CodigoProducto) VALUES (1393, '2017-12-20 00:00:00', 101);
INSERT INTO Venta (CodigoVenta, Fecha, CodigoProducto) VALUES (1394, '2016-01-11 00:00:00', 109);
INSERT INTO Venta (CodigoVenta, Fecha, CodigoProducto) VALUES (1395, '2019-05-03 00:00:00', 109);
INSERT INTO Venta (CodigoVenta, Fecha, CodigoProducto) VALUES (1396, '2016-05-31 00:00:00', 108);
INSERT INTO Venta (CodigoVenta, Fecha, CodigoProducto) VALUES (1397, '2016-04-12 00:00:00', 107);
INSERT INTO Venta (CodigoVenta, Fecha, CodigoProducto) VALUES (1398, '2015-08-25 00:00:00', 106);
INSERT INTO Venta (CodigoVenta, Fecha, CodigoProducto) VALUES (1399, '2016-05-04 00:00:00', 100);
INSERT INTO Venta (CodigoVenta, Fecha, CodigoProducto) VALUES (1400, '2019-05-07 00:00:00', 109);
INSERT INTO Venta (CodigoVenta, Fecha, CodigoProducto) VALUES (1401, '2019-07-14 00:00:00', 108);
INSERT INTO Venta (CodigoVenta, Fecha, CodigoProducto) VALUES (1402, '2019-03-05 00:00:00', 109);
INSERT INTO Venta (CodigoVenta, Fecha, CodigoProducto) VALUES (1403, '2019-11-21 00:00:00', 106);
INSERT INTO Venta (CodigoVenta, Fecha, CodigoProducto) VALUES (1404, '2016-03-29 00:00:00', 102);
INSERT INTO Venta (CodigoVenta, Fecha, CodigoProducto) VALUES (1405, '2017-11-12 00:00:00', 105);
INSERT INTO Venta (CodigoVenta, Fecha, CodigoProducto) VALUES (1406, '2016-04-08 00:00:00', 101);
INSERT INTO Venta (CodigoVenta, Fecha, CodigoProducto) VALUES (1407, '2015-06-17 00:00:00', 108);
INSERT INTO Venta (CodigoVenta, Fecha, CodigoProducto) VALUES (1408, '2016-05-26 00:00:00', 102);
INSERT INTO Venta (CodigoVenta, Fecha, CodigoProducto) VALUES (1409, '2015-12-25 00:00:00', 103);
INSERT INTO Venta (CodigoVenta, Fecha, CodigoProducto) VALUES (1410, '2016-11-27 00:00:00', 107);
INSERT INTO Venta (CodigoVenta, Fecha, CodigoProducto) VALUES (1411, '2015-05-29 00:00:00', 100);
INSERT INTO Venta (CodigoVenta, Fecha, CodigoProducto) VALUES (1412, '2018-08-22 00:00:00', 100);
INSERT INTO Venta (CodigoVenta, Fecha, CodigoProducto) VALUES (1413, '2018-12-12 00:00:00', 101);
INSERT INTO Venta (CodigoVenta, Fecha, CodigoProducto) VALUES (1414, '2015-06-20 00:00:00', 106);
INSERT INTO Venta (CodigoVenta, Fecha, CodigoProducto) VALUES (1415, '2015-03-29 00:00:00', 101);
INSERT INTO Venta (CodigoVenta, Fecha, CodigoProducto) VALUES (1416, '2015-04-07 00:00:00', 100);
INSERT INTO Venta (CodigoVenta, Fecha, CodigoProducto) VALUES (1417, '2017-05-31 00:00:00', 101);
INSERT INTO Venta (CodigoVenta, Fecha, CodigoProducto) VALUES (1418, '2019-02-03 00:00:00', 107);
INSERT INTO Venta (CodigoVenta, Fecha, CodigoProducto) VALUES (1419, '2019-10-17 00:00:00', 102);
INSERT INTO Venta (CodigoVenta, Fecha, CodigoProducto) VALUES (1420, '2018-07-15 00:00:00', 103);
INSERT INTO Venta (CodigoVenta, Fecha, CodigoProducto) VALUES (1421, '2017-05-23 00:00:00', 101);
INSERT INTO Venta (CodigoVenta, Fecha, CodigoProducto) VALUES (1422, '2018-01-24 00:00:00', 107);
INSERT INTO Venta (CodigoVenta, Fecha, CodigoProducto) VALUES (1423, '2017-03-20 00:00:00', 101);
INSERT INTO Venta (CodigoVenta, Fecha, CodigoProducto) VALUES (1424, '2016-06-24 00:00:00', 108);
INSERT INTO Venta (CodigoVenta, Fecha, CodigoProducto) VALUES (1425, '2017-01-13 00:00:00', 105);
INSERT INTO Venta (CodigoVenta, Fecha, CodigoProducto) VALUES (1426, '2019-02-05 00:00:00', 100);
INSERT INTO Venta (CodigoVenta, Fecha, CodigoProducto) VALUES (1427, '2018-03-29 00:00:00', 108);
INSERT INTO Venta (CodigoVenta, Fecha, CodigoProducto) VALUES (1428, '2016-06-06 00:00:00', 107);
INSERT INTO Venta (CodigoVenta, Fecha, CodigoProducto) VALUES (1429, '2016-02-17 00:00:00', 103);
INSERT INTO Venta (CodigoVenta, Fecha, CodigoProducto) VALUES (1430, '2015-05-07 00:00:00', 100);
INSERT INTO Venta (CodigoVenta, Fecha, CodigoProducto) VALUES (1431, '2019-06-29 00:00:00', 106);
INSERT INTO Venta (CodigoVenta, Fecha, CodigoProducto) VALUES (1432, '2017-08-06 00:00:00', 106);
INSERT INTO Venta (CodigoVenta, Fecha, CodigoProducto) VALUES (1433, '2019-07-14 00:00:00', 100);
INSERT INTO Venta (CodigoVenta, Fecha, CodigoProducto) VALUES (1434, '2018-03-23 00:00:00', 108);
INSERT INTO Venta (CodigoVenta, Fecha, CodigoProducto) VALUES (1435, '2019-01-30 00:00:00', 101);
INSERT INTO Venta (CodigoVenta, Fecha, CodigoProducto) VALUES (1436, '2017-06-17 00:00:00', 104);
INSERT INTO Venta (CodigoVenta, Fecha, CodigoProducto) VALUES (1437, '2016-03-11 00:00:00', 102);
INSERT INTO Venta (CodigoVenta, Fecha, CodigoProducto) VALUES (1438, '2016-01-29 00:00:00', 102);
INSERT INTO Venta (CodigoVenta, Fecha, CodigoProducto) VALUES (1439, '2018-07-06 00:00:00', 107);
INSERT INTO Venta (CodigoVenta, Fecha, CodigoProducto) VALUES (1440, '2017-10-09 00:00:00', 109);
INSERT INTO Venta (CodigoVenta, Fecha, CodigoProducto) VALUES (1441, '2016-03-21 00:00:00', 108);
INSERT INTO Venta (CodigoVenta, Fecha, CodigoProducto) VALUES (1442, '2018-05-18 00:00:00', 107);
INSERT INTO Venta (CodigoVenta, Fecha, CodigoProducto) VALUES (1443, '2017-07-16 00:00:00', 100);
INSERT INTO Venta (CodigoVenta, Fecha, CodigoProducto) VALUES (1444, '2019-10-14 00:00:00', 102);
INSERT INTO Venta (CodigoVenta, Fecha, CodigoProducto) VALUES (1445, '2015-05-05 00:00:00', 107);
INSERT INTO Venta (CodigoVenta, Fecha, CodigoProducto) VALUES (1446, '2017-06-04 00:00:00', 103);
INSERT INTO Venta (CodigoVenta, Fecha, CodigoProducto) VALUES (1447, '2018-06-23 00:00:00', 107);
INSERT INTO Venta (CodigoVenta, Fecha, CodigoProducto) VALUES (1448, '2018-03-08 00:00:00', 101);
INSERT INTO Venta (CodigoVenta, Fecha, CodigoProducto) VALUES (1449, '2017-03-18 00:00:00', 108);
INSERT INTO Venta (CodigoVenta, Fecha, CodigoProducto) VALUES (1450, '2019-10-28 00:00:00', 108);
INSERT INTO Venta (CodigoVenta, Fecha, CodigoProducto) VALUES (1451, '2016-10-02 00:00:00', 108);
INSERT INTO Venta (CodigoVenta, Fecha, CodigoProducto) VALUES (1452, '2018-01-19 00:00:00', 109);
INSERT INTO Venta (CodigoVenta, Fecha, CodigoProducto) VALUES (1453, '2017-04-14 00:00:00', 102);
INSERT INTO Venta (CodigoVenta, Fecha, CodigoProducto) VALUES (1454, '2016-06-12 00:00:00', 107);
INSERT INTO Venta (CodigoVenta, Fecha, CodigoProducto) VALUES (1455, '2018-01-10 00:00:00', 109);
INSERT INTO Venta (CodigoVenta, Fecha, CodigoProducto) VALUES (1456, '2015-11-15 00:00:00', 107);
INSERT INTO Venta (CodigoVenta, Fecha, CodigoProducto) VALUES (1457, '2016-05-29 00:00:00', 105);
INSERT INTO Venta (CodigoVenta, Fecha, CodigoProducto) VALUES (1458, '2019-08-22 00:00:00', 102);
INSERT INTO Venta (CodigoVenta, Fecha, CodigoProducto) VALUES (1459, '2019-12-02 00:00:00', 106);
INSERT INTO Venta (CodigoVenta, Fecha, CodigoProducto) VALUES (1460, '2015-05-03 00:00:00', 109);
INSERT INTO Venta (CodigoVenta, Fecha, CodigoProducto) VALUES (1461, '2017-09-15 00:00:00', 100);
INSERT INTO Venta (CodigoVenta, Fecha, CodigoProducto) VALUES (1462, '2019-11-18 00:00:00', 101);
INSERT INTO Venta (CodigoVenta, Fecha, CodigoProducto) VALUES (1463, '2016-07-23 00:00:00', 108);
INSERT INTO Venta (CodigoVenta, Fecha, CodigoProducto) VALUES (1464, '2016-11-01 00:00:00', 103);
INSERT INTO Venta (CodigoVenta, Fecha, CodigoProducto) VALUES (1465, '2016-12-03 00:00:00', 102);
INSERT INTO Venta (CodigoVenta, Fecha, CodigoProducto) VALUES (1466, '2019-10-20 00:00:00', 105);
INSERT INTO Venta (CodigoVenta, Fecha, CodigoProducto) VALUES (1467, '2016-01-10 00:00:00', 108);
INSERT INTO Venta (CodigoVenta, Fecha, CodigoProducto) VALUES (1468, '2016-08-13 00:00:00', 106);
INSERT INTO Venta (CodigoVenta, Fecha, CodigoProducto) VALUES (1469, '2019-12-31 00:00:00', 107);
INSERT INTO Venta (CodigoVenta, Fecha, CodigoProducto) VALUES (1470, '2018-07-21 00:00:00', 105);
INSERT INTO Venta (CodigoVenta, Fecha, CodigoProducto) VALUES (1471, '2016-08-29 00:00:00', 100);
INSERT INTO Venta (CodigoVenta, Fecha, CodigoProducto) VALUES (1472, '2018-10-15 00:00:00', 107);
INSERT INTO Venta (CodigoVenta, Fecha, CodigoProducto) VALUES (1473, '2018-05-27 00:00:00', 105);
INSERT INTO Venta (CodigoVenta, Fecha, CodigoProducto) VALUES (1474, '2018-05-22 00:00:00', 107);
INSERT INTO Venta (CodigoVenta, Fecha, CodigoProducto) VALUES (1475, '2016-07-17 00:00:00', 107);
INSERT INTO Venta (CodigoVenta, Fecha, CodigoProducto) VALUES (1476, '2017-05-25 00:00:00', 107);
INSERT INTO Venta (CodigoVenta, Fecha, CodigoProducto) VALUES (1477, '2015-01-30 00:00:00', 109);
INSERT INTO Venta (CodigoVenta, Fecha, CodigoProducto) VALUES (1478, '2016-07-16 00:00:00', 103);
INSERT INTO Venta (CodigoVenta, Fecha, CodigoProducto) VALUES (1479, '2018-12-30 00:00:00', 103);
INSERT INTO Venta (CodigoVenta, Fecha, CodigoProducto) VALUES (1480, '2019-04-01 00:00:00', 101);
INSERT INTO Venta (CodigoVenta, Fecha, CodigoProducto) VALUES (1481, '2015-06-12 00:00:00', 106);
INSERT INTO Venta (CodigoVenta, Fecha, CodigoProducto) VALUES (1482, '2018-09-14 00:00:00', 100);
INSERT INTO Venta (CodigoVenta, Fecha, CodigoProducto) VALUES (1483, '2016-07-24 00:00:00', 105);
INSERT INTO Venta (CodigoVenta, Fecha, CodigoProducto) VALUES (1484, '2019-12-04 00:00:00', 109);
INSERT INTO Venta (CodigoVenta, Fecha, CodigoProducto) VALUES (1485, '2017-01-21 00:00:00', 109);
INSERT INTO Venta (CodigoVenta, Fecha, CodigoProducto) VALUES (1486, '2016-04-09 00:00:00', 102);
INSERT INTO Venta (CodigoVenta, Fecha, CodigoProducto) VALUES (1487, '2018-06-14 00:00:00', 103);
INSERT INTO Venta (CodigoVenta, Fecha, CodigoProducto) VALUES (1488, '2017-10-19 00:00:00', 103);
INSERT INTO Venta (CodigoVenta, Fecha, CodigoProducto) VALUES (1489, '2019-02-28 00:00:00', 103);
INSERT INTO Venta (CodigoVenta, Fecha, CodigoProducto) VALUES (1490, '2017-03-23 00:00:00', 108);
INSERT INTO Venta (CodigoVenta, Fecha, CodigoProducto) VALUES (1491, '2016-03-22 00:00:00', 100);
INSERT INTO Venta (CodigoVenta, Fecha, CodigoProducto) VALUES (1492, '2016-02-12 00:00:00', 103);
INSERT INTO Venta (CodigoVenta, Fecha, CodigoProducto) VALUES (1493, '2018-08-14 00:00:00', 105);
INSERT INTO Venta (CodigoVenta, Fecha, CodigoProducto) VALUES (1494, '2017-04-28 00:00:00', 100);
INSERT INTO Venta (CodigoVenta, Fecha, CodigoProducto) VALUES (1495, '2016-10-10 00:00:00', 100);
INSERT INTO Venta (CodigoVenta, Fecha, CodigoProducto) VALUES (1496, '2018-11-07 00:00:00', 108);
INSERT INTO Venta (CodigoVenta, Fecha, CodigoProducto) VALUES (1497, '2016-01-17 00:00:00', 109);
INSERT INTO Venta (CodigoVenta, Fecha, CodigoProducto) VALUES (1498, '2018-05-06 00:00:00', 107);
INSERT INTO Venta (CodigoVenta, Fecha, CodigoProducto) VALUES (1499, '2015-07-12 00:00:00', 102);
INSERT INTO Venta (CodigoVenta, Fecha, CodigoProducto) VALUES (1500, '2016-12-27 00:00:00', 107);
INSERT INTO Venta (CodigoVenta, Fecha, CodigoProducto) VALUES (1501, '2016-11-08 00:00:00', 106);
INSERT INTO Venta (CodigoVenta, Fecha, CodigoProducto) VALUES (1502, '2015-05-03 00:00:00', 101);
INSERT INTO Venta (CodigoVenta, Fecha, CodigoProducto) VALUES (1503, '2015-06-02 00:00:00', 101);
INSERT INTO Venta (CodigoVenta, Fecha, CodigoProducto) VALUES (1504, '2015-11-12 00:00:00', 101);
INSERT INTO Venta (CodigoVenta, Fecha, CodigoProducto) VALUES (1505, '2019-12-21 00:00:00', 103);
INSERT INTO Venta (CodigoVenta, Fecha, CodigoProducto) VALUES (1506, '2018-11-24 00:00:00', 102);
INSERT INTO Venta (CodigoVenta, Fecha, CodigoProducto) VALUES (1507, '2017-06-10 00:00:00', 102);
INSERT INTO Venta (CodigoVenta, Fecha, CodigoProducto) VALUES (1508, '2018-12-17 00:00:00', 105);
INSERT INTO Venta (CodigoVenta, Fecha, CodigoProducto) VALUES (1509, '2016-02-19 00:00:00', 108);
INSERT INTO Venta (CodigoVenta, Fecha, CodigoProducto) VALUES (1510, '2015-08-18 00:00:00', 106);
INSERT INTO Venta (CodigoVenta, Fecha, CodigoProducto) VALUES (1511, '2019-10-15 00:00:00', 100);
INSERT INTO Venta (CodigoVenta, Fecha, CodigoProducto) VALUES (1512, '2015-06-01 00:00:00', 103);
INSERT INTO Venta (CodigoVenta, Fecha, CodigoProducto) VALUES (1513, '2017-12-23 00:00:00', 101);
INSERT INTO Venta (CodigoVenta, Fecha, CodigoProducto) VALUES (1514, '2016-03-03 00:00:00', 107);
INSERT INTO Venta (CodigoVenta, Fecha, CodigoProducto) VALUES (1515, '2016-02-15 00:00:00', 109);
INSERT INTO Venta (CodigoVenta, Fecha, CodigoProducto) VALUES (1516, '2017-07-31 00:00:00', 107);
INSERT INTO Venta (CodigoVenta, Fecha, CodigoProducto) VALUES (1517, '2019-09-20 00:00:00', 105);
INSERT INTO Venta (CodigoVenta, Fecha, CodigoProducto) VALUES (1518, '2018-09-27 00:00:00', 104);
INSERT INTO Venta (CodigoVenta, Fecha, CodigoProducto) VALUES (1519, '2018-03-27 00:00:00', 109);
INSERT INTO Venta (CodigoVenta, Fecha, CodigoProducto) VALUES (1520, '2019-04-03 00:00:00', 108);
INSERT INTO Venta (CodigoVenta, Fecha, CodigoProducto) VALUES (1521, '2016-03-28 00:00:00', 103);
INSERT INTO Venta (CodigoVenta, Fecha, CodigoProducto) VALUES (1522, '2015-06-20 00:00:00', 100);
INSERT INTO Venta (CodigoVenta, Fecha, CodigoProducto) VALUES (1523, '2016-12-29 00:00:00', 109);
INSERT INTO Venta (CodigoVenta, Fecha, CodigoProducto) VALUES (1524, '2019-05-12 00:00:00', 108);
INSERT INTO Venta (CodigoVenta, Fecha, CodigoProducto) VALUES (1525, '2018-01-26 00:00:00', 109);
INSERT INTO Venta (CodigoVenta, Fecha, CodigoProducto) VALUES (1526, '2015-10-30 00:00:00', 105);
INSERT INTO Venta (CodigoVenta, Fecha, CodigoProducto) VALUES (1527, '2015-02-02 00:00:00', 101);
INSERT INTO Venta (CodigoVenta, Fecha, CodigoProducto) VALUES (1528, '2016-12-08 00:00:00', 104);
INSERT INTO Venta (CodigoVenta, Fecha, CodigoProducto) VALUES (1529, '2018-08-22 00:00:00', 106);
INSERT INTO Venta (CodigoVenta, Fecha, CodigoProducto) VALUES (1530, '2016-08-23 00:00:00', 107);
INSERT INTO Venta (CodigoVenta, Fecha, CodigoProducto) VALUES (1531, '2017-08-16 00:00:00', 106);
INSERT INTO Venta (CodigoVenta, Fecha, CodigoProducto) VALUES (1532, '2019-02-11 00:00:00', 107);
INSERT INTO Venta (CodigoVenta, Fecha, CodigoProducto) VALUES (1533, '2017-06-16 00:00:00', 109);
INSERT INTO Venta (CodigoVenta, Fecha, CodigoProducto) VALUES (1534, '2017-11-16 00:00:00', 103);
INSERT INTO Venta (CodigoVenta, Fecha, CodigoProducto) VALUES (1535, '2019-11-23 00:00:00', 101);
INSERT INTO Venta (CodigoVenta, Fecha, CodigoProducto) VALUES (1536, '2017-06-22 00:00:00', 101);
INSERT INTO Venta (CodigoVenta, Fecha, CodigoProducto) VALUES (1537, '2019-05-30 00:00:00', 102);
INSERT INTO Venta (CodigoVenta, Fecha, CodigoProducto) VALUES (1538, '2019-07-14 00:00:00', 101);
INSERT INTO Venta (CodigoVenta, Fecha, CodigoProducto) VALUES (1539, '2016-05-26 00:00:00', 104);
INSERT INTO Venta (CodigoVenta, Fecha, CodigoProducto) VALUES (1540, '2017-10-08 00:00:00', 105);
INSERT INTO Venta (CodigoVenta, Fecha, CodigoProducto) VALUES (1541, '2017-11-15 00:00:00', 100);
INSERT INTO Venta (CodigoVenta, Fecha, CodigoProducto) VALUES (1542, '2015-05-31 00:00:00', 108);
INSERT INTO Venta (CodigoVenta, Fecha, CodigoProducto) VALUES (1543, '2015-12-13 00:00:00', 109);
INSERT INTO Venta (CodigoVenta, Fecha, CodigoProducto) VALUES (1544, '2017-03-01 00:00:00', 103);
INSERT INTO Venta (CodigoVenta, Fecha, CodigoProducto) VALUES (1545, '2019-09-08 00:00:00', 103);
INSERT INTO Venta (CodigoVenta, Fecha, CodigoProducto) VALUES (1546, '2017-04-30 00:00:00', 106);
INSERT INTO Venta (CodigoVenta, Fecha, CodigoProducto) VALUES (1547, '2018-06-29 00:00:00', 102);
INSERT INTO Venta (CodigoVenta, Fecha, CodigoProducto) VALUES (1548, '2016-08-09 00:00:00', 102);
INSERT INTO Venta (CodigoVenta, Fecha, CodigoProducto) VALUES (1549, '2015-09-13 00:00:00', 102);
INSERT INTO Venta (CodigoVenta, Fecha, CodigoProducto) VALUES (1550, '2015-07-20 00:00:00', 109);
INSERT INTO Venta (CodigoVenta, Fecha, CodigoProducto) VALUES (1551, '2015-02-27 00:00:00', 102);
INSERT INTO Venta (CodigoVenta, Fecha, CodigoProducto) VALUES (1552, '2015-07-12 00:00:00', 104);
INSERT INTO Venta (CodigoVenta, Fecha, CodigoProducto) VALUES (1553, '2018-03-02 00:00:00', 103);
INSERT INTO Venta (CodigoVenta, Fecha, CodigoProducto) VALUES (1554, '2017-07-17 00:00:00', 108);
INSERT INTO Venta (CodigoVenta, Fecha, CodigoProducto) VALUES (1555, '2016-02-29 00:00:00', 102);
INSERT INTO Venta (CodigoVenta, Fecha, CodigoProducto) VALUES (1556, '2019-07-24 00:00:00', 101);
INSERT INTO Venta (CodigoVenta, Fecha, CodigoProducto) VALUES (1557, '2018-03-04 00:00:00', 101);
INSERT INTO Venta (CodigoVenta, Fecha, CodigoProducto) VALUES (1558, '2019-12-21 00:00:00', 107);
INSERT INTO Venta (CodigoVenta, Fecha, CodigoProducto) VALUES (1559, '2019-10-03 00:00:00', 103);
INSERT INTO Venta (CodigoVenta, Fecha, CodigoProducto) VALUES (1560, '2018-06-07 00:00:00', 105);
INSERT INTO Venta (CodigoVenta, Fecha, CodigoProducto) VALUES (1561, '2017-01-06 00:00:00', 100);
INSERT INTO Venta (CodigoVenta, Fecha, CodigoProducto) VALUES (1562, '2019-02-20 00:00:00', 109);
INSERT INTO Venta (CodigoVenta, Fecha, CodigoProducto) VALUES (1563, '2018-01-17 00:00:00', 100);
INSERT INTO Venta (CodigoVenta, Fecha, CodigoProducto) VALUES (1564, '2019-04-30 00:00:00', 102);
INSERT INTO Venta (CodigoVenta, Fecha, CodigoProducto) VALUES (1565, '2015-09-13 00:00:00', 106);
INSERT INTO Venta (CodigoVenta, Fecha, CodigoProducto) VALUES (1566, '2018-01-16 00:00:00', 105);
INSERT INTO Venta (CodigoVenta, Fecha, CodigoProducto) VALUES (1567, '2019-05-09 00:00:00', 104);
INSERT INTO Venta (CodigoVenta, Fecha, CodigoProducto) VALUES (1568, '2017-06-11 00:00:00', 103);
INSERT INTO Venta (CodigoVenta, Fecha, CodigoProducto) VALUES (1569, '2017-05-20 00:00:00', 105);
INSERT INTO Venta (CodigoVenta, Fecha, CodigoProducto) VALUES (1570, '2015-10-22 00:00:00', 105);
INSERT INTO Venta (CodigoVenta, Fecha, CodigoProducto) VALUES (1571, '2017-12-31 00:00:00', 107);
INSERT INTO Venta (CodigoVenta, Fecha, CodigoProducto) VALUES (1572, '2015-04-05 00:00:00', 100);
INSERT INTO Venta (CodigoVenta, Fecha, CodigoProducto) VALUES (1573, '2016-03-30 00:00:00', 102);
INSERT INTO Venta (CodigoVenta, Fecha, CodigoProducto) VALUES (1574, '2016-01-07 00:00:00', 107);
INSERT INTO Venta (CodigoVenta, Fecha, CodigoProducto) VALUES (1575, '2015-06-27 00:00:00', 109);
INSERT INTO Venta (CodigoVenta, Fecha, CodigoProducto) VALUES (1576, '2015-07-21 00:00:00', 101);
INSERT INTO Venta (CodigoVenta, Fecha, CodigoProducto) VALUES (1577, '2017-02-04 00:00:00', 108);
INSERT INTO Venta (CodigoVenta, Fecha, CodigoProducto) VALUES (1578, '2015-08-22 00:00:00', 108);
INSERT INTO Venta (CodigoVenta, Fecha, CodigoProducto) VALUES (1579, '2016-08-12 00:00:00', 108);
INSERT INTO Venta (CodigoVenta, Fecha, CodigoProducto) VALUES (1580, '2019-02-03 00:00:00', 107);
INSERT INTO Venta (CodigoVenta, Fecha, CodigoProducto) VALUES (1581, '2015-01-27 00:00:00', 109);
INSERT INTO Venta (CodigoVenta, Fecha, CodigoProducto) VALUES (1582, '2017-05-05 00:00:00', 103);
INSERT INTO Venta (CodigoVenta, Fecha, CodigoProducto) VALUES (1583, '2019-11-01 00:00:00', 100);
INSERT INTO Venta (CodigoVenta, Fecha, CodigoProducto) VALUES (1584, '2018-06-06 00:00:00', 102);
INSERT INTO Venta (CodigoVenta, Fecha, CodigoProducto) VALUES (1585, '2018-10-14 00:00:00', 102);
INSERT INTO Venta (CodigoVenta, Fecha, CodigoProducto) VALUES (1586, '2016-02-12 00:00:00', 101);
INSERT INTO Venta (CodigoVenta, Fecha, CodigoProducto) VALUES (1587, '2016-07-02 00:00:00', 104);
INSERT INTO Venta (CodigoVenta, Fecha, CodigoProducto) VALUES (1588, '2018-11-15 00:00:00', 105);
INSERT INTO Venta (CodigoVenta, Fecha, CodigoProducto) VALUES (1589, '2015-03-31 00:00:00', 107);
INSERT INTO Venta (CodigoVenta, Fecha, CodigoProducto) VALUES (1590, '2016-09-23 00:00:00', 105);
INSERT INTO Venta (CodigoVenta, Fecha, CodigoProducto) VALUES (1591, '2016-06-01 00:00:00', 101);
INSERT INTO Venta (CodigoVenta, Fecha, CodigoProducto) VALUES (1592, '2018-03-15 00:00:00', 109);
INSERT INTO Venta (CodigoVenta, Fecha, CodigoProducto) VALUES (1593, '2018-02-17 00:00:00', 102);
INSERT INTO Venta (CodigoVenta, Fecha, CodigoProducto) VALUES (1594, '2015-06-27 00:00:00', 103);
INSERT INTO Venta (CodigoVenta, Fecha, CodigoProducto) VALUES (1595, '2016-01-03 00:00:00', 104);
INSERT INTO Venta (CodigoVenta, Fecha, CodigoProducto) VALUES (1596, '2015-10-24 00:00:00', 107);
INSERT INTO Venta (CodigoVenta, Fecha, CodigoProducto) VALUES (1597, '2018-11-22 00:00:00', 104);
INSERT INTO Venta (CodigoVenta, Fecha, CodigoProducto) VALUES (1598, '2015-02-08 00:00:00', 108);
INSERT INTO Venta (CodigoVenta, Fecha, CodigoProducto) VALUES (1599, '2018-10-30 00:00:00', 108);
INSERT INTO Venta (CodigoVenta, Fecha, CodigoProducto) VALUES (1600, '2018-09-30 00:00:00', 101);
INSERT INTO Venta (CodigoVenta, Fecha, CodigoProducto) VALUES (1601, '2018-02-08 00:00:00', 101);
INSERT INTO Venta (CodigoVenta, Fecha, CodigoProducto) VALUES (1602, '2018-06-19 00:00:00', 108);
INSERT INTO Venta (CodigoVenta, Fecha, CodigoProducto) VALUES (1603, '2019-08-10 00:00:00', 107);
INSERT INTO Venta (CodigoVenta, Fecha, CodigoProducto) VALUES (1604, '2015-04-29 00:00:00', 104);
INSERT INTO Venta (CodigoVenta, Fecha, CodigoProducto) VALUES (1605, '2016-12-08 00:00:00', 105);
INSERT INTO Venta (CodigoVenta, Fecha, CodigoProducto) VALUES (1606, '2019-03-10 00:00:00', 107);
INSERT INTO Venta (CodigoVenta, Fecha, CodigoProducto) VALUES (1607, '2017-04-06 00:00:00', 102);
INSERT INTO Venta (CodigoVenta, Fecha, CodigoProducto) VALUES (1608, '2017-05-13 00:00:00', 106);
INSERT INTO Venta (CodigoVenta, Fecha, CodigoProducto) VALUES (1609, '2016-06-13 00:00:00', 108);
INSERT INTO Venta (CodigoVenta, Fecha, CodigoProducto) VALUES (1610, '2018-01-22 00:00:00', 102);
INSERT INTO Venta (CodigoVenta, Fecha, CodigoProducto) VALUES (1611, '2015-11-23 00:00:00', 105);
INSERT INTO Venta (CodigoVenta, Fecha, CodigoProducto) VALUES (1612, '2017-04-20 00:00:00', 109);
INSERT INTO Venta (CodigoVenta, Fecha, CodigoProducto) VALUES (1613, '2016-11-03 00:00:00', 108);
INSERT INTO Venta (CodigoVenta, Fecha, CodigoProducto) VALUES (1614, '2015-07-13 00:00:00', 107);
INSERT INTO Venta (CodigoVenta, Fecha, CodigoProducto) VALUES (1615, '2019-12-01 00:00:00', 101);
INSERT INTO Venta (CodigoVenta, Fecha, CodigoProducto) VALUES (1616, '2015-06-05 00:00:00', 105);
INSERT INTO Venta (CodigoVenta, Fecha, CodigoProducto) VALUES (1617, '2019-02-09 00:00:00', 106);
INSERT INTO Venta (CodigoVenta, Fecha, CodigoProducto) VALUES (1618, '2016-01-15 00:00:00', 101);
INSERT INTO Venta (CodigoVenta, Fecha, CodigoProducto) VALUES (1619, '2018-09-08 00:00:00', 100);
INSERT INTO Venta (CodigoVenta, Fecha, CodigoProducto) VALUES (1620, '2017-06-11 00:00:00', 102);
INSERT INTO Venta (CodigoVenta, Fecha, CodigoProducto) VALUES (1621, '2017-03-25 00:00:00', 104);
INSERT INTO Venta (CodigoVenta, Fecha, CodigoProducto) VALUES (1622, '2019-05-18 00:00:00', 101);
INSERT INTO Venta (CodigoVenta, Fecha, CodigoProducto) VALUES (1623, '2018-08-28 00:00:00', 101);
INSERT INTO Venta (CodigoVenta, Fecha, CodigoProducto) VALUES (1624, '2015-03-21 00:00:00', 105);
INSERT INTO Venta (CodigoVenta, Fecha, CodigoProducto) VALUES (1625, '2017-12-12 00:00:00', 102);
INSERT INTO Venta (CodigoVenta, Fecha, CodigoProducto) VALUES (1626, '2019-07-17 00:00:00', 107);
INSERT INTO Venta (CodigoVenta, Fecha, CodigoProducto) VALUES (1627, '2015-01-28 00:00:00', 109);
INSERT INTO Venta (CodigoVenta, Fecha, CodigoProducto) VALUES (1628, '2018-10-10 00:00:00', 101);
INSERT INTO Venta (CodigoVenta, Fecha, CodigoProducto) VALUES (1629, '2017-09-11 00:00:00', 109);
INSERT INTO Venta (CodigoVenta, Fecha, CodigoProducto) VALUES (1630, '2017-03-20 00:00:00', 107);
INSERT INTO Venta (CodigoVenta, Fecha, CodigoProducto) VALUES (1631, '2018-01-25 00:00:00', 107);
INSERT INTO Venta (CodigoVenta, Fecha, CodigoProducto) VALUES (1632, '2017-09-07 00:00:00', 102);
INSERT INTO Venta (CodigoVenta, Fecha, CodigoProducto) VALUES (1633, '2015-09-20 00:00:00', 107);
INSERT INTO Venta (CodigoVenta, Fecha, CodigoProducto) VALUES (1634, '2019-02-27 00:00:00', 106);
INSERT INTO Venta (CodigoVenta, Fecha, CodigoProducto) VALUES (1635, '2019-09-02 00:00:00', 103);
INSERT INTO Venta (CodigoVenta, Fecha, CodigoProducto) VALUES (1636, '2018-07-12 00:00:00', 106);
INSERT INTO Venta (CodigoVenta, Fecha, CodigoProducto) VALUES (1637, '2016-07-31 00:00:00', 100);
INSERT INTO Venta (CodigoVenta, Fecha, CodigoProducto) VALUES (1638, '2016-03-21 00:00:00', 103);
INSERT INTO Venta (CodigoVenta, Fecha, CodigoProducto) VALUES (1639, '2016-03-15 00:00:00', 104);
INSERT INTO Venta (CodigoVenta, Fecha, CodigoProducto) VALUES (1640, '2018-06-21 00:00:00', 109);
INSERT INTO Venta (CodigoVenta, Fecha, CodigoProducto) VALUES (1641, '2018-10-26 00:00:00', 104);
INSERT INTO Venta (CodigoVenta, Fecha, CodigoProducto) VALUES (1642, '2016-01-14 00:00:00', 108);
INSERT INTO Venta (CodigoVenta, Fecha, CodigoProducto) VALUES (1643, '2016-10-08 00:00:00', 108);
INSERT INTO Venta (CodigoVenta, Fecha, CodigoProducto) VALUES (1644, '2018-10-23 00:00:00', 100);
INSERT INTO Venta (CodigoVenta, Fecha, CodigoProducto) VALUES (1645, '2017-05-26 00:00:00', 106);
INSERT INTO Venta (CodigoVenta, Fecha, CodigoProducto) VALUES (1646, '2015-10-18 00:00:00', 102);
INSERT INTO Venta (CodigoVenta, Fecha, CodigoProducto) VALUES (1647, '2019-04-11 00:00:00', 106);
INSERT INTO Venta (CodigoVenta, Fecha, CodigoProducto) VALUES (1648, '2016-04-16 00:00:00', 100);
INSERT INTO Venta (CodigoVenta, Fecha, CodigoProducto) VALUES (1649, '2018-07-20 00:00:00', 109);
INSERT INTO Venta (CodigoVenta, Fecha, CodigoProducto) VALUES (1650, '2018-07-24 00:00:00', 106);
INSERT INTO Venta (CodigoVenta, Fecha, CodigoProducto) VALUES (1651, '2019-08-12 00:00:00', 102);
INSERT INTO Venta (CodigoVenta, Fecha, CodigoProducto) VALUES (1652, '2017-06-17 00:00:00', 104);
INSERT INTO Venta (CodigoVenta, Fecha, CodigoProducto) VALUES (1653, '2015-12-01 00:00:00', 102);
INSERT INTO Venta (CodigoVenta, Fecha, CodigoProducto) VALUES (1654, '2016-07-12 00:00:00', 106);
INSERT INTO Venta (CodigoVenta, Fecha, CodigoProducto) VALUES (1655, '2019-09-17 00:00:00', 107);
INSERT INTO Venta (CodigoVenta, Fecha, CodigoProducto) VALUES (1656, '2016-12-12 00:00:00', 108);
INSERT INTO Venta (CodigoVenta, Fecha, CodigoProducto) VALUES (1657, '2017-02-01 00:00:00', 107);
INSERT INTO Venta (CodigoVenta, Fecha, CodigoProducto) VALUES (1658, '2019-01-28 00:00:00', 103);
INSERT INTO Venta (CodigoVenta, Fecha, CodigoProducto) VALUES (1659, '2018-08-13 00:00:00', 106);
INSERT INTO Venta (CodigoVenta, Fecha, CodigoProducto) VALUES (1660, '2016-06-07 00:00:00', 106);
INSERT INTO Venta (CodigoVenta, Fecha, CodigoProducto) VALUES (1661, '2019-02-03 00:00:00', 102);
INSERT INTO Venta (CodigoVenta, Fecha, CodigoProducto) VALUES (1662, '2015-09-02 00:00:00', 108);
INSERT INTO Venta (CodigoVenta, Fecha, CodigoProducto) VALUES (1663, '2015-06-29 00:00:00', 100);
INSERT INTO Venta (CodigoVenta, Fecha, CodigoProducto) VALUES (1664, '2019-05-13 00:00:00', 109);
INSERT INTO Venta (CodigoVenta, Fecha, CodigoProducto) VALUES (1665, '2015-09-10 00:00:00', 100);
INSERT INTO Venta (CodigoVenta, Fecha, CodigoProducto) VALUES (1666, '2019-05-20 00:00:00', 102);
INSERT INTO Venta (CodigoVenta, Fecha, CodigoProducto) VALUES (1667, '2019-09-17 00:00:00', 104);
INSERT INTO Venta (CodigoVenta, Fecha, CodigoProducto) VALUES (1668, '2017-04-06 00:00:00', 102);
INSERT INTO Venta (CodigoVenta, Fecha, CodigoProducto) VALUES (1669, '2015-10-18 00:00:00', 105);
INSERT INTO Venta (CodigoVenta, Fecha, CodigoProducto) VALUES (1670, '2016-10-11 00:00:00', 108);
INSERT INTO Venta (CodigoVenta, Fecha, CodigoProducto) VALUES (1671, '2017-03-30 00:00:00', 101);
INSERT INTO Venta (CodigoVenta, Fecha, CodigoProducto) VALUES (1672, '2015-01-19 00:00:00', 101);
INSERT INTO Venta (CodigoVenta, Fecha, CodigoProducto) VALUES (1673, '2015-10-20 00:00:00', 108);
INSERT INTO Venta (CodigoVenta, Fecha, CodigoProducto) VALUES (1674, '2016-12-29 00:00:00', 104);
INSERT INTO Venta (CodigoVenta, Fecha, CodigoProducto) VALUES (1675, '2018-08-20 00:00:00', 102);
INSERT INTO Venta (CodigoVenta, Fecha, CodigoProducto) VALUES (1676, '2018-01-11 00:00:00', 101);
INSERT INTO Venta (CodigoVenta, Fecha, CodigoProducto) VALUES (1677, '2016-03-09 00:00:00', 106);
INSERT INTO Venta (CodigoVenta, Fecha, CodigoProducto) VALUES (1678, '2016-11-09 00:00:00', 102);
INSERT INTO Venta (CodigoVenta, Fecha, CodigoProducto) VALUES (1679, '2019-03-19 00:00:00', 108);
INSERT INTO Venta (CodigoVenta, Fecha, CodigoProducto) VALUES (1680, '2017-06-18 00:00:00', 108);
INSERT INTO Venta (CodigoVenta, Fecha, CodigoProducto) VALUES (1681, '2017-12-12 00:00:00', 107);
INSERT INTO Venta (CodigoVenta, Fecha, CodigoProducto) VALUES (1682, '2019-08-10 00:00:00', 100);
INSERT INTO Venta (CodigoVenta, Fecha, CodigoProducto) VALUES (1683, '2015-03-18 00:00:00', 104);
INSERT INTO Venta (CodigoVenta, Fecha, CodigoProducto) VALUES (1684, '2015-02-20 00:00:00', 104);
INSERT INTO Venta (CodigoVenta, Fecha, CodigoProducto) VALUES (1685, '2017-11-02 00:00:00', 107);
INSERT INTO Venta (CodigoVenta, Fecha, CodigoProducto) VALUES (1686, '2016-09-13 00:00:00', 105);
INSERT INTO Venta (CodigoVenta, Fecha, CodigoProducto) VALUES (1687, '2019-06-05 00:00:00', 104);
INSERT INTO Venta (CodigoVenta, Fecha, CodigoProducto) VALUES (1688, '2016-02-29 00:00:00', 108);
INSERT INTO Venta (CodigoVenta, Fecha, CodigoProducto) VALUES (1689, '2017-04-14 00:00:00', 104);
INSERT INTO Venta (CodigoVenta, Fecha, CodigoProducto) VALUES (1690, '2015-04-05 00:00:00', 105);
INSERT INTO Venta (CodigoVenta, Fecha, CodigoProducto) VALUES (1691, '2017-03-21 00:00:00', 108);
INSERT INTO Venta (CodigoVenta, Fecha, CodigoProducto) VALUES (1692, '2015-11-16 00:00:00', 102);
INSERT INTO Venta (CodigoVenta, Fecha, CodigoProducto) VALUES (1693, '2018-10-07 00:00:00', 104);
INSERT INTO Venta (CodigoVenta, Fecha, CodigoProducto) VALUES (1694, '2018-09-09 00:00:00', 104);
INSERT INTO Venta (CodigoVenta, Fecha, CodigoProducto) VALUES (1695, '2015-02-25 00:00:00', 101);
INSERT INTO Venta (CodigoVenta, Fecha, CodigoProducto) VALUES (1696, '2018-10-03 00:00:00', 104);
INSERT INTO Venta (CodigoVenta, Fecha, CodigoProducto) VALUES (1697, '2015-12-06 00:00:00', 100);
INSERT INTO Venta (CodigoVenta, Fecha, CodigoProducto) VALUES (1698, '2017-01-01 00:00:00', 103);
INSERT INTO Venta (CodigoVenta, Fecha, CodigoProducto) VALUES (1699, '2015-11-12 00:00:00', 109);
INSERT INTO Venta (CodigoVenta, Fecha, CodigoProducto) VALUES (1700, '2018-06-16 00:00:00', 108);
INSERT INTO Venta (CodigoVenta, Fecha, CodigoProducto) VALUES (1701, '2019-04-13 00:00:00', 109);
INSERT INTO Venta (CodigoVenta, Fecha, CodigoProducto) VALUES (1702, '2017-12-19 00:00:00', 107);
INSERT INTO Venta (CodigoVenta, Fecha, CodigoProducto) VALUES (1703, '2015-05-22 00:00:00', 100);
INSERT INTO Venta (CodigoVenta, Fecha, CodigoProducto) VALUES (1704, '2018-07-05 00:00:00', 102);
INSERT INTO Venta (CodigoVenta, Fecha, CodigoProducto) VALUES (1705, '2017-01-19 00:00:00', 104);
INSERT INTO Venta (CodigoVenta, Fecha, CodigoProducto) VALUES (1706, '2018-02-09 00:00:00', 104);
INSERT INTO Venta (CodigoVenta, Fecha, CodigoProducto) VALUES (1707, '2018-04-19 00:00:00', 103);
INSERT INTO Venta (CodigoVenta, Fecha, CodigoProducto) VALUES (1708, '2019-04-30 00:00:00', 100);
INSERT INTO Venta (CodigoVenta, Fecha, CodigoProducto) VALUES (1709, '2016-07-08 00:00:00', 107);
INSERT INTO Venta (CodigoVenta, Fecha, CodigoProducto) VALUES (1710, '2019-09-01 00:00:00', 109);
INSERT INTO Venta (CodigoVenta, Fecha, CodigoProducto) VALUES (1711, '2015-06-08 00:00:00', 105);
INSERT INTO Venta (CodigoVenta, Fecha, CodigoProducto) VALUES (1712, '2018-09-08 00:00:00', 108);
INSERT INTO Venta (CodigoVenta, Fecha, CodigoProducto) VALUES (1713, '2018-06-02 00:00:00', 100);
INSERT INTO Venta (CodigoVenta, Fecha, CodigoProducto) VALUES (1714, '2017-11-23 00:00:00', 107);
INSERT INTO Venta (CodigoVenta, Fecha, CodigoProducto) VALUES (1715, '2019-07-15 00:00:00', 104);
INSERT INTO Venta (CodigoVenta, Fecha, CodigoProducto) VALUES (1716, '2018-05-29 00:00:00', 108);
INSERT INTO Venta (CodigoVenta, Fecha, CodigoProducto) VALUES (1717, '2019-07-25 00:00:00', 100);
INSERT INTO Venta (CodigoVenta, Fecha, CodigoProducto) VALUES (1718, '2019-02-21 00:00:00', 101);
INSERT INTO Venta (CodigoVenta, Fecha, CodigoProducto) VALUES (1719, '2019-11-30 00:00:00', 107);
INSERT INTO Venta (CodigoVenta, Fecha, CodigoProducto) VALUES (1720, '2019-07-31 00:00:00', 109);
INSERT INTO Venta (CodigoVenta, Fecha, CodigoProducto) VALUES (1721, '2019-09-21 00:00:00', 108);
INSERT INTO Venta (CodigoVenta, Fecha, CodigoProducto) VALUES (1722, '2016-06-06 00:00:00', 104);
INSERT INTO Venta (CodigoVenta, Fecha, CodigoProducto) VALUES (1723, '2018-11-21 00:00:00', 106);
INSERT INTO Venta (CodigoVenta, Fecha, CodigoProducto) VALUES (1724, '2019-08-24 00:00:00', 104);
INSERT INTO Venta (CodigoVenta, Fecha, CodigoProducto) VALUES (1725, '2017-03-06 00:00:00', 103);
INSERT INTO Venta (CodigoVenta, Fecha, CodigoProducto) VALUES (1726, '2017-04-16 00:00:00', 102);
INSERT INTO Venta (CodigoVenta, Fecha, CodigoProducto) VALUES (1727, '2017-06-24 00:00:00', 104);
INSERT INTO Venta (CodigoVenta, Fecha, CodigoProducto) VALUES (1728, '2016-09-10 00:00:00', 106);
INSERT INTO Venta (CodigoVenta, Fecha, CodigoProducto) VALUES (1729, '2016-10-17 00:00:00', 103);
INSERT INTO Venta (CodigoVenta, Fecha, CodigoProducto) VALUES (1730, '2019-04-05 00:00:00', 100);
INSERT INTO Venta (CodigoVenta, Fecha, CodigoProducto) VALUES (1731, '2018-10-13 00:00:00', 105);
INSERT INTO Venta (CodigoVenta, Fecha, CodigoProducto) VALUES (1732, '2017-02-17 00:00:00', 107);
INSERT INTO Venta (CodigoVenta, Fecha, CodigoProducto) VALUES (1733, '2016-09-04 00:00:00', 102);
INSERT INTO Venta (CodigoVenta, Fecha, CodigoProducto) VALUES (1734, '2019-05-05 00:00:00', 107);
INSERT INTO Venta (CodigoVenta, Fecha, CodigoProducto) VALUES (1735, '2016-02-27 00:00:00', 100);
INSERT INTO Venta (CodigoVenta, Fecha, CodigoProducto) VALUES (1736, '2018-01-02 00:00:00', 108);
INSERT INTO Venta (CodigoVenta, Fecha, CodigoProducto) VALUES (1737, '2017-02-27 00:00:00', 108);
INSERT INTO Venta (CodigoVenta, Fecha, CodigoProducto) VALUES (1738, '2019-12-10 00:00:00', 104);
INSERT INTO Venta (CodigoVenta, Fecha, CodigoProducto) VALUES (1739, '2017-08-29 00:00:00', 106);
INSERT INTO Venta (CodigoVenta, Fecha, CodigoProducto) VALUES (1740, '2017-04-26 00:00:00', 107);
INSERT INTO Venta (CodigoVenta, Fecha, CodigoProducto) VALUES (1741, '2016-05-12 00:00:00', 100);
INSERT INTO Venta (CodigoVenta, Fecha, CodigoProducto) VALUES (1742, '2019-08-27 00:00:00', 105);
INSERT INTO Venta (CodigoVenta, Fecha, CodigoProducto) VALUES (1743, '2019-09-17 00:00:00', 106);
INSERT INTO Venta (CodigoVenta, Fecha, CodigoProducto) VALUES (1744, '2019-12-25 00:00:00', 103);
INSERT INTO Venta (CodigoVenta, Fecha, CodigoProducto) VALUES (1745, '2016-03-22 00:00:00', 107);
INSERT INTO Venta (CodigoVenta, Fecha, CodigoProducto) VALUES (1746, '2017-04-26 00:00:00', 101);
INSERT INTO Venta (CodigoVenta, Fecha, CodigoProducto) VALUES (1747, '2017-08-26 00:00:00', 106);
INSERT INTO Venta (CodigoVenta, Fecha, CodigoProducto) VALUES (1748, '2019-05-25 00:00:00', 100);
INSERT INTO Venta (CodigoVenta, Fecha, CodigoProducto) VALUES (1749, '2019-04-02 00:00:00', 105);
INSERT INTO Venta (CodigoVenta, Fecha, CodigoProducto) VALUES (1750, '2018-03-09 00:00:00', 107);
INSERT INTO Venta (CodigoVenta, Fecha, CodigoProducto) VALUES (1751, '2016-03-24 00:00:00', 109);
INSERT INTO Venta (CodigoVenta, Fecha, CodigoProducto) VALUES (1752, '2017-11-13 00:00:00', 104);
INSERT INTO Venta (CodigoVenta, Fecha, CodigoProducto) VALUES (1753, '2016-11-20 00:00:00', 109);
INSERT INTO Venta (CodigoVenta, Fecha, CodigoProducto) VALUES (1754, '2019-12-11 00:00:00', 107);
INSERT INTO Venta (CodigoVenta, Fecha, CodigoProducto) VALUES (1755, '2018-06-10 00:00:00', 109);
INSERT INTO Venta (CodigoVenta, Fecha, CodigoProducto) VALUES (1756, '2019-01-02 00:00:00', 102);
INSERT INTO Venta (CodigoVenta, Fecha, CodigoProducto) VALUES (1757, '2018-08-29 00:00:00', 104);
INSERT INTO Venta (CodigoVenta, Fecha, CodigoProducto) VALUES (1758, '2015-03-16 00:00:00', 101);
INSERT INTO Venta (CodigoVenta, Fecha, CodigoProducto) VALUES (1759, '2017-11-08 00:00:00', 101);
INSERT INTO Venta (CodigoVenta, Fecha, CodigoProducto) VALUES (1760, '2019-01-19 00:00:00', 101);
INSERT INTO Venta (CodigoVenta, Fecha, CodigoProducto) VALUES (1761, '2016-06-10 00:00:00', 106);
INSERT INTO Venta (CodigoVenta, Fecha, CodigoProducto) VALUES (1762, '2017-12-27 00:00:00', 107);
INSERT INTO Venta (CodigoVenta, Fecha, CodigoProducto) VALUES (1763, '2015-01-13 00:00:00', 102);
INSERT INTO Venta (CodigoVenta, Fecha, CodigoProducto) VALUES (1764, '2017-05-30 00:00:00', 105);
INSERT INTO Venta (CodigoVenta, Fecha, CodigoProducto) VALUES (1765, '2015-03-12 00:00:00', 107);
INSERT INTO Venta (CodigoVenta, Fecha, CodigoProducto) VALUES (1766, '2019-07-16 00:00:00', 109);
INSERT INTO Venta (CodigoVenta, Fecha, CodigoProducto) VALUES (1767, '2019-11-20 00:00:00', 107);
INSERT INTO Venta (CodigoVenta, Fecha, CodigoProducto) VALUES (1768, '2015-12-08 00:00:00', 109);
INSERT INTO Venta (CodigoVenta, Fecha, CodigoProducto) VALUES (1769, '2017-12-08 00:00:00', 102);
INSERT INTO Venta (CodigoVenta, Fecha, CodigoProducto) VALUES (1770, '2015-03-08 00:00:00', 103);
INSERT INTO Venta (CodigoVenta, Fecha, CodigoProducto) VALUES (1771, '2017-08-08 00:00:00', 103);
INSERT INTO Venta (CodigoVenta, Fecha, CodigoProducto) VALUES (1772, '2019-12-30 00:00:00', 101);
INSERT INTO Venta (CodigoVenta, Fecha, CodigoProducto) VALUES (1773, '2017-01-10 00:00:00', 102);
INSERT INTO Venta (CodigoVenta, Fecha, CodigoProducto) VALUES (1774, '2018-01-02 00:00:00', 100);
INSERT INTO Venta (CodigoVenta, Fecha, CodigoProducto) VALUES (1775, '2015-06-07 00:00:00', 108);
INSERT INTO Venta (CodigoVenta, Fecha, CodigoProducto) VALUES (1776, '2017-06-24 00:00:00', 105);
INSERT INTO Venta (CodigoVenta, Fecha, CodigoProducto) VALUES (1777, '2019-01-29 00:00:00', 102);
INSERT INTO Venta (CodigoVenta, Fecha, CodigoProducto) VALUES (1778, '2015-06-25 00:00:00', 107);
INSERT INTO Venta (CodigoVenta, Fecha, CodigoProducto) VALUES (1779, '2018-11-05 00:00:00', 108);
INSERT INTO Venta (CodigoVenta, Fecha, CodigoProducto) VALUES (1780, '2015-07-10 00:00:00', 107);
INSERT INTO Venta (CodigoVenta, Fecha, CodigoProducto) VALUES (1781, '2015-11-01 00:00:00', 108);
INSERT INTO Venta (CodigoVenta, Fecha, CodigoProducto) VALUES (1782, '2015-11-02 00:00:00', 105);
INSERT INTO Venta (CodigoVenta, Fecha, CodigoProducto) VALUES (1783, '2015-01-10 00:00:00', 104);
INSERT INTO Venta (CodigoVenta, Fecha, CodigoProducto) VALUES (1784, '2017-08-04 00:00:00', 106);
INSERT INTO Venta (CodigoVenta, Fecha, CodigoProducto) VALUES (1785, '2017-06-11 00:00:00', 107);
INSERT INTO Venta (CodigoVenta, Fecha, CodigoProducto) VALUES (1786, '2015-06-05 00:00:00', 100);
INSERT INTO Venta (CodigoVenta, Fecha, CodigoProducto) VALUES (1787, '2015-10-28 00:00:00', 102);
INSERT INTO Venta (CodigoVenta, Fecha, CodigoProducto) VALUES (1788, '2019-10-14 00:00:00', 108);
INSERT INTO Venta (CodigoVenta, Fecha, CodigoProducto) VALUES (1789, '2015-10-04 00:00:00', 102);
INSERT INTO Venta (CodigoVenta, Fecha, CodigoProducto) VALUES (1790, '2015-07-17 00:00:00', 107);
INSERT INTO Venta (CodigoVenta, Fecha, CodigoProducto) VALUES (1791, '2018-08-03 00:00:00', 109);
INSERT INTO Venta (CodigoVenta, Fecha, CodigoProducto) VALUES (1792, '2019-09-12 00:00:00', 105);
INSERT INTO Venta (CodigoVenta, Fecha, CodigoProducto) VALUES (1793, '2015-02-11 00:00:00', 102);
INSERT INTO Venta (CodigoVenta, Fecha, CodigoProducto) VALUES (1794, '2017-10-10 00:00:00', 101);
INSERT INTO Venta (CodigoVenta, Fecha, CodigoProducto) VALUES (1795, '2017-12-03 00:00:00', 105);
INSERT INTO Venta (CodigoVenta, Fecha, CodigoProducto) VALUES (1796, '2015-02-23 00:00:00', 109);
INSERT INTO Venta (CodigoVenta, Fecha, CodigoProducto) VALUES (1797, '2015-09-23 00:00:00', 102);
INSERT INTO Venta (CodigoVenta, Fecha, CodigoProducto) VALUES (1798, '2017-07-05 00:00:00', 103);
INSERT INTO Venta (CodigoVenta, Fecha, CodigoProducto) VALUES (1799, '2016-07-18 00:00:00', 107);
INSERT INTO Venta (CodigoVenta, Fecha, CodigoProducto) VALUES (1800, '2018-01-27 00:00:00', 106);
INSERT INTO Venta (CodigoVenta, Fecha, CodigoProducto) VALUES (1801, '2016-11-08 00:00:00', 108);
INSERT INTO Venta (CodigoVenta, Fecha, CodigoProducto) VALUES (1802, '2016-12-11 00:00:00', 102);
INSERT INTO Venta (CodigoVenta, Fecha, CodigoProducto) VALUES (1803, '2017-07-21 00:00:00', 103);
INSERT INTO Venta (CodigoVenta, Fecha, CodigoProducto) VALUES (1804, '2015-03-03 00:00:00', 108);
INSERT INTO Venta (CodigoVenta, Fecha, CodigoProducto) VALUES (1805, '2018-03-11 00:00:00', 108);
INSERT INTO Venta (CodigoVenta, Fecha, CodigoProducto) VALUES (1806, '2016-10-29 00:00:00', 103);
INSERT INTO Venta (CodigoVenta, Fecha, CodigoProducto) VALUES (1807, '2016-12-28 00:00:00', 107);
INSERT INTO Venta (CodigoVenta, Fecha, CodigoProducto) VALUES (1808, '2018-01-14 00:00:00', 104);
INSERT INTO Venta (CodigoVenta, Fecha, CodigoProducto) VALUES (1809, '2019-08-31 00:00:00', 104);
INSERT INTO Venta (CodigoVenta, Fecha, CodigoProducto) VALUES (1810, '2017-01-27 00:00:00', 100);
INSERT INTO Venta (CodigoVenta, Fecha, CodigoProducto) VALUES (1811, '2017-10-05 00:00:00', 106);
INSERT INTO Venta (CodigoVenta, Fecha, CodigoProducto) VALUES (1812, '2018-08-16 00:00:00', 108);
INSERT INTO Venta (CodigoVenta, Fecha, CodigoProducto) VALUES (1813, '2016-10-20 00:00:00', 109);
INSERT INTO Venta (CodigoVenta, Fecha, CodigoProducto) VALUES (1814, '2018-12-05 00:00:00', 103);
INSERT INTO Venta (CodigoVenta, Fecha, CodigoProducto) VALUES (1815, '2016-03-26 00:00:00', 106);
INSERT INTO Venta (CodigoVenta, Fecha, CodigoProducto) VALUES (1816, '2015-03-19 00:00:00', 105);
INSERT INTO Venta (CodigoVenta, Fecha, CodigoProducto) VALUES (1817, '2017-11-27 00:00:00', 103);
INSERT INTO Venta (CodigoVenta, Fecha, CodigoProducto) VALUES (1818, '2016-03-31 00:00:00', 107);
INSERT INTO Venta (CodigoVenta, Fecha, CodigoProducto) VALUES (1819, '2016-08-09 00:00:00', 109);
INSERT INTO Venta (CodigoVenta, Fecha, CodigoProducto) VALUES (1820, '2019-09-21 00:00:00', 109);
INSERT INTO Venta (CodigoVenta, Fecha, CodigoProducto) VALUES (1821, '2017-12-26 00:00:00', 108);
INSERT INTO Venta (CodigoVenta, Fecha, CodigoProducto) VALUES (1822, '2018-08-09 00:00:00', 100);
INSERT INTO Venta (CodigoVenta, Fecha, CodigoProducto) VALUES (1823, '2017-05-16 00:00:00', 101);
INSERT INTO Venta (CodigoVenta, Fecha, CodigoProducto) VALUES (1824, '2017-04-10 00:00:00', 104);
INSERT INTO Venta (CodigoVenta, Fecha, CodigoProducto) VALUES (1825, '2019-04-21 00:00:00', 106);
INSERT INTO Venta (CodigoVenta, Fecha, CodigoProducto) VALUES (1826, '2018-09-13 00:00:00', 104);
INSERT INTO Venta (CodigoVenta, Fecha, CodigoProducto) VALUES (1827, '2015-09-10 00:00:00', 107);
INSERT INTO Venta (CodigoVenta, Fecha, CodigoProducto) VALUES (1828, '2018-08-26 00:00:00', 101);
INSERT INTO Venta (CodigoVenta, Fecha, CodigoProducto) VALUES (1829, '2016-11-13 00:00:00', 109);
INSERT INTO Venta (CodigoVenta, Fecha, CodigoProducto) VALUES (1830, '2017-08-18 00:00:00', 100);
INSERT INTO Venta (CodigoVenta, Fecha, CodigoProducto) VALUES (1831, '2016-03-02 00:00:00', 107);
INSERT INTO Venta (CodigoVenta, Fecha, CodigoProducto) VALUES (1832, '2019-12-19 00:00:00', 102);
INSERT INTO Venta (CodigoVenta, Fecha, CodigoProducto) VALUES (1833, '2017-04-26 00:00:00', 105);
INSERT INTO Venta (CodigoVenta, Fecha, CodigoProducto) VALUES (1834, '2019-11-13 00:00:00', 102);
INSERT INTO Venta (CodigoVenta, Fecha, CodigoProducto) VALUES (1835, '2016-02-05 00:00:00', 107);
INSERT INTO Venta (CodigoVenta, Fecha, CodigoProducto) VALUES (1836, '2016-02-16 00:00:00', 105);
INSERT INTO Venta (CodigoVenta, Fecha, CodigoProducto) VALUES (1837, '2015-01-28 00:00:00', 102);
INSERT INTO Venta (CodigoVenta, Fecha, CodigoProducto) VALUES (1838, '2018-01-18 00:00:00', 106);
INSERT INTO Venta (CodigoVenta, Fecha, CodigoProducto) VALUES (1839, '2018-12-30 00:00:00', 109);
INSERT INTO Venta (CodigoVenta, Fecha, CodigoProducto) VALUES (1840, '2017-09-30 00:00:00', 101);
INSERT INTO Venta (CodigoVenta, Fecha, CodigoProducto) VALUES (1841, '2017-04-26 00:00:00', 106);
INSERT INTO Venta (CodigoVenta, Fecha, CodigoProducto) VALUES (1842, '2019-07-18 00:00:00', 107);
INSERT INTO Venta (CodigoVenta, Fecha, CodigoProducto) VALUES (1843, '2015-11-24 00:00:00', 107);
INSERT INTO Venta (CodigoVenta, Fecha, CodigoProducto) VALUES (1844, '2017-01-28 00:00:00', 106);
INSERT INTO Venta (CodigoVenta, Fecha, CodigoProducto) VALUES (1845, '2019-01-17 00:00:00', 105);
INSERT INTO Venta (CodigoVenta, Fecha, CodigoProducto) VALUES (1846, '2015-12-13 00:00:00', 105);
INSERT INTO Venta (CodigoVenta, Fecha, CodigoProducto) VALUES (1847, '2017-10-09 00:00:00', 107);
INSERT INTO Venta (CodigoVenta, Fecha, CodigoProducto) VALUES (1848, '2019-05-26 00:00:00', 107);
INSERT INTO Venta (CodigoVenta, Fecha, CodigoProducto) VALUES (1849, '2016-12-08 00:00:00', 109);
INSERT INTO Venta (CodigoVenta, Fecha, CodigoProducto) VALUES (1850, '2017-11-20 00:00:00', 108);
INSERT INTO Venta (CodigoVenta, Fecha, CodigoProducto) VALUES (1851, '2019-09-16 00:00:00', 106);
INSERT INTO Venta (CodigoVenta, Fecha, CodigoProducto) VALUES (1852, '2019-06-04 00:00:00', 109);
INSERT INTO Venta (CodigoVenta, Fecha, CodigoProducto) VALUES (1853, '2016-02-24 00:00:00', 103);
INSERT INTO Venta (CodigoVenta, Fecha, CodigoProducto) VALUES (1854, '2018-02-16 00:00:00', 107);
INSERT INTO Venta (CodigoVenta, Fecha, CodigoProducto) VALUES (1855, '2017-07-10 00:00:00', 105);
INSERT INTO Venta (CodigoVenta, Fecha, CodigoProducto) VALUES (1856, '2015-09-08 00:00:00', 108);
INSERT INTO Venta (CodigoVenta, Fecha, CodigoProducto) VALUES (1857, '2019-07-26 00:00:00', 100);
INSERT INTO Venta (CodigoVenta, Fecha, CodigoProducto) VALUES (1858, '2015-10-03 00:00:00', 107);
INSERT INTO Venta (CodigoVenta, Fecha, CodigoProducto) VALUES (1859, '2015-10-13 00:00:00', 109);
INSERT INTO Venta (CodigoVenta, Fecha, CodigoProducto) VALUES (1860, '2019-06-24 00:00:00', 100);
INSERT INTO Venta (CodigoVenta, Fecha, CodigoProducto) VALUES (1861, '2019-07-27 00:00:00', 104);
INSERT INTO Venta (CodigoVenta, Fecha, CodigoProducto) VALUES (1862, '2018-08-09 00:00:00', 103);
INSERT INTO Venta (CodigoVenta, Fecha, CodigoProducto) VALUES (1863, '2019-01-13 00:00:00', 103);
INSERT INTO Venta (CodigoVenta, Fecha, CodigoProducto) VALUES (1864, '2016-11-13 00:00:00', 103);
INSERT INTO Venta (CodigoVenta, Fecha, CodigoProducto) VALUES (1865, '2016-02-11 00:00:00', 106);
INSERT INTO Venta (CodigoVenta, Fecha, CodigoProducto) VALUES (1866, '2019-02-19 00:00:00', 100);
INSERT INTO Venta (CodigoVenta, Fecha, CodigoProducto) VALUES (1867, '2017-05-17 00:00:00', 101);
INSERT INTO Venta (CodigoVenta, Fecha, CodigoProducto) VALUES (1868, '2016-07-07 00:00:00', 103);
INSERT INTO Venta (CodigoVenta, Fecha, CodigoProducto) VALUES (1869, '2016-11-27 00:00:00', 103);
INSERT INTO Venta (CodigoVenta, Fecha, CodigoProducto) VALUES (1870, '2018-10-05 00:00:00', 102);
INSERT INTO Venta (CodigoVenta, Fecha, CodigoProducto) VALUES (1871, '2015-02-13 00:00:00', 103);
INSERT INTO Venta (CodigoVenta, Fecha, CodigoProducto) VALUES (1872, '2015-01-14 00:00:00', 104);
INSERT INTO Venta (CodigoVenta, Fecha, CodigoProducto) VALUES (1873, '2016-01-14 00:00:00', 106);
INSERT INTO Venta (CodigoVenta, Fecha, CodigoProducto) VALUES (1874, '2019-02-06 00:00:00', 105);
INSERT INTO Venta (CodigoVenta, Fecha, CodigoProducto) VALUES (1875, '2016-02-24 00:00:00', 101);
INSERT INTO Venta (CodigoVenta, Fecha, CodigoProducto) VALUES (1876, '2015-02-07 00:00:00', 104);
INSERT INTO Venta (CodigoVenta, Fecha, CodigoProducto) VALUES (1877, '2015-02-14 00:00:00', 106);
INSERT INTO Venta (CodigoVenta, Fecha, CodigoProducto) VALUES (1878, '2019-10-21 00:00:00', 103);
INSERT INTO Venta (CodigoVenta, Fecha, CodigoProducto) VALUES (1879, '2019-01-21 00:00:00', 109);
INSERT INTO Venta (CodigoVenta, Fecha, CodigoProducto) VALUES (1880, '2017-06-05 00:00:00', 109);
INSERT INTO Venta (CodigoVenta, Fecha, CodigoProducto) VALUES (1881, '2015-01-27 00:00:00', 108);
INSERT INTO Venta (CodigoVenta, Fecha, CodigoProducto) VALUES (1882, '2019-10-10 00:00:00', 108);
INSERT INTO Venta (CodigoVenta, Fecha, CodigoProducto) VALUES (1883, '2018-06-06 00:00:00', 107);
INSERT INTO Venta (CodigoVenta, Fecha, CodigoProducto) VALUES (1884, '2015-02-04 00:00:00', 101);
INSERT INTO Venta (CodigoVenta, Fecha, CodigoProducto) VALUES (1885, '2019-08-28 00:00:00', 106);
INSERT INTO Venta (CodigoVenta, Fecha, CodigoProducto) VALUES (1886, '2016-05-27 00:00:00', 106);
INSERT INTO Venta (CodigoVenta, Fecha, CodigoProducto) VALUES (1887, '2019-07-28 00:00:00', 106);
INSERT INTO Venta (CodigoVenta, Fecha, CodigoProducto) VALUES (1888, '2015-01-13 00:00:00', 104);
INSERT INTO Venta (CodigoVenta, Fecha, CodigoProducto) VALUES (1889, '2016-08-17 00:00:00', 103);
INSERT INTO Venta (CodigoVenta, Fecha, CodigoProducto) VALUES (1890, '2015-01-13 00:00:00', 109);
INSERT INTO Venta (CodigoVenta, Fecha, CodigoProducto) VALUES (1891, '2019-02-05 00:00:00', 106);
INSERT INTO Venta (CodigoVenta, Fecha, CodigoProducto) VALUES (1892, '2016-12-18 00:00:00', 100);
INSERT INTO Venta (CodigoVenta, Fecha, CodigoProducto) VALUES (1893, '2016-06-28 00:00:00', 106);
INSERT INTO Venta (CodigoVenta, Fecha, CodigoProducto) VALUES (1894, '2015-07-09 00:00:00', 103);
INSERT INTO Venta (CodigoVenta, Fecha, CodigoProducto) VALUES (1895, '2015-09-01 00:00:00', 104);
INSERT INTO Venta (CodigoVenta, Fecha, CodigoProducto) VALUES (1896, '2019-04-22 00:00:00', 101);
INSERT INTO Venta (CodigoVenta, Fecha, CodigoProducto) VALUES (1897, '2019-11-18 00:00:00', 101);
INSERT INTO Venta (CodigoVenta, Fecha, CodigoProducto) VALUES (1898, '2016-05-29 00:00:00', 101);
INSERT INTO Venta (CodigoVenta, Fecha, CodigoProducto) VALUES (1899, '2019-11-17 00:00:00', 102);
INSERT INTO Venta (CodigoVenta, Fecha, CodigoProducto) VALUES (1900, '2016-10-18 00:00:00', 101);
INSERT INTO Venta (CodigoVenta, Fecha, CodigoProducto) VALUES (1901, '2017-07-28 00:00:00', 100);
INSERT INTO Venta (CodigoVenta, Fecha, CodigoProducto) VALUES (1902, '2018-04-28 00:00:00', 106);
INSERT INTO Venta (CodigoVenta, Fecha, CodigoProducto) VALUES (1903, '2017-06-29 00:00:00', 104);
INSERT INTO Venta (CodigoVenta, Fecha, CodigoProducto) VALUES (1904, '2015-07-17 00:00:00', 107);
INSERT INTO Venta (CodigoVenta, Fecha, CodigoProducto) VALUES (1905, '2018-12-15 00:00:00', 100);
INSERT INTO Venta (CodigoVenta, Fecha, CodigoProducto) VALUES (1906, '2016-07-27 00:00:00', 105);
INSERT INTO Venta (CodigoVenta, Fecha, CodigoProducto) VALUES (1907, '2019-11-19 00:00:00', 106);
INSERT INTO Venta (CodigoVenta, Fecha, CodigoProducto) VALUES (1908, '2016-12-12 00:00:00', 105);
INSERT INTO Venta (CodigoVenta, Fecha, CodigoProducto) VALUES (1909, '2017-09-20 00:00:00', 101);
INSERT INTO Venta (CodigoVenta, Fecha, CodigoProducto) VALUES (1910, '2015-01-25 00:00:00', 100);
INSERT INTO Venta (CodigoVenta, Fecha, CodigoProducto) VALUES (1911, '2016-10-31 00:00:00', 100);
INSERT INTO Venta (CodigoVenta, Fecha, CodigoProducto) VALUES (1912, '2017-03-22 00:00:00', 101);
INSERT INTO Venta (CodigoVenta, Fecha, CodigoProducto) VALUES (1913, '2019-02-07 00:00:00', 107);
INSERT INTO Venta (CodigoVenta, Fecha, CodigoProducto) VALUES (1914, '2015-11-28 00:00:00', 109);
INSERT INTO Venta (CodigoVenta, Fecha, CodigoProducto) VALUES (1915, '2016-01-23 00:00:00', 108);
INSERT INTO Venta (CodigoVenta, Fecha, CodigoProducto) VALUES (1916, '2018-10-01 00:00:00', 108);
INSERT INTO Venta (CodigoVenta, Fecha, CodigoProducto) VALUES (1917, '2017-10-20 00:00:00', 100);
INSERT INTO Venta (CodigoVenta, Fecha, CodigoProducto) VALUES (1918, '2016-10-31 00:00:00', 100);
INSERT INTO Venta (CodigoVenta, Fecha, CodigoProducto) VALUES (1919, '2015-12-29 00:00:00', 102);
INSERT INTO Venta (CodigoVenta, Fecha, CodigoProducto) VALUES (1920, '2016-01-16 00:00:00', 106);
INSERT INTO Venta (CodigoVenta, Fecha, CodigoProducto) VALUES (1921, '2019-08-18 00:00:00', 107);
INSERT INTO Venta (CodigoVenta, Fecha, CodigoProducto) VALUES (1922, '2017-06-26 00:00:00', 100);
INSERT INTO Venta (CodigoVenta, Fecha, CodigoProducto) VALUES (1923, '2019-10-04 00:00:00', 107);
INSERT INTO Venta (CodigoVenta, Fecha, CodigoProducto) VALUES (1924, '2016-07-30 00:00:00', 103);
INSERT INTO Venta (CodigoVenta, Fecha, CodigoProducto) VALUES (1925, '2016-05-17 00:00:00', 101);
INSERT INTO Venta (CodigoVenta, Fecha, CodigoProducto) VALUES (1926, '2015-09-22 00:00:00', 100);
INSERT INTO Venta (CodigoVenta, Fecha, CodigoProducto) VALUES (1927, '2017-05-09 00:00:00', 105);
INSERT INTO Venta (CodigoVenta, Fecha, CodigoProducto) VALUES (1928, '2019-09-27 00:00:00', 101);
INSERT INTO Venta (CodigoVenta, Fecha, CodigoProducto) VALUES (1929, '2016-11-19 00:00:00', 108);
INSERT INTO Venta (CodigoVenta, Fecha, CodigoProducto) VALUES (1930, '2017-03-06 00:00:00', 103);
INSERT INTO Venta (CodigoVenta, Fecha, CodigoProducto) VALUES (1931, '2015-03-25 00:00:00', 106);
INSERT INTO Venta (CodigoVenta, Fecha, CodigoProducto) VALUES (1932, '2016-03-07 00:00:00', 105);
INSERT INTO Venta (CodigoVenta, Fecha, CodigoProducto) VALUES (1933, '2017-07-16 00:00:00', 108);
INSERT INTO Venta (CodigoVenta, Fecha, CodigoProducto) VALUES (1934, '2017-07-08 00:00:00', 103);
INSERT INTO Venta (CodigoVenta, Fecha, CodigoProducto) VALUES (1935, '2018-04-11 00:00:00', 108);
INSERT INTO Venta (CodigoVenta, Fecha, CodigoProducto) VALUES (1936, '2017-04-13 00:00:00', 103);
INSERT INTO Venta (CodigoVenta, Fecha, CodigoProducto) VALUES (1937, '2017-07-13 00:00:00', 108);
INSERT INTO Venta (CodigoVenta, Fecha, CodigoProducto) VALUES (1938, '2019-12-06 00:00:00', 107);
INSERT INTO Venta (CodigoVenta, Fecha, CodigoProducto) VALUES (1939, '2015-04-24 00:00:00', 102);
INSERT INTO Venta (CodigoVenta, Fecha, CodigoProducto) VALUES (1940, '2017-10-17 00:00:00', 101);
INSERT INTO Venta (CodigoVenta, Fecha, CodigoProducto) VALUES (1941, '2018-09-06 00:00:00', 106);
INSERT INTO Venta (CodigoVenta, Fecha, CodigoProducto) VALUES (1942, '2016-01-23 00:00:00', 109);
INSERT INTO Venta (CodigoVenta, Fecha, CodigoProducto) VALUES (1943, '2017-10-09 00:00:00', 101);
INSERT INTO Venta (CodigoVenta, Fecha, CodigoProducto) VALUES (1944, '2015-05-13 00:00:00', 106);
INSERT INTO Venta (CodigoVenta, Fecha, CodigoProducto) VALUES (1945, '2016-06-17 00:00:00', 104);
INSERT INTO Venta (CodigoVenta, Fecha, CodigoProducto) VALUES (1946, '2019-01-28 00:00:00', 107);
INSERT INTO Venta (CodigoVenta, Fecha, CodigoProducto) VALUES (1947, '2015-04-22 00:00:00', 108);
INSERT INTO Venta (CodigoVenta, Fecha, CodigoProducto) VALUES (1948, '2018-08-03 00:00:00', 106);
INSERT INTO Venta (CodigoVenta, Fecha, CodigoProducto) VALUES (1949, '2018-03-14 00:00:00', 104);
INSERT INTO Venta (CodigoVenta, Fecha, CodigoProducto) VALUES (1950, '2017-03-16 00:00:00', 104);
INSERT INTO Venta (CodigoVenta, Fecha, CodigoProducto) VALUES (1951, '2018-11-20 00:00:00', 107);
INSERT INTO Venta (CodigoVenta, Fecha, CodigoProducto) VALUES (1952, '2017-01-13 00:00:00', 107);
INSERT INTO Venta (CodigoVenta, Fecha, CodigoProducto) VALUES (1953, '2017-01-19 00:00:00', 100);
INSERT INTO Venta (CodigoVenta, Fecha, CodigoProducto) VALUES (1954, '2019-05-11 00:00:00', 101);
INSERT INTO Venta (CodigoVenta, Fecha, CodigoProducto) VALUES (1955, '2019-08-19 00:00:00', 100);
INSERT INTO Venta (CodigoVenta, Fecha, CodigoProducto) VALUES (1956, '2018-05-17 00:00:00', 101);
INSERT INTO Venta (CodigoVenta, Fecha, CodigoProducto) VALUES (1957, '2018-11-13 00:00:00', 101);
INSERT INTO Venta (CodigoVenta, Fecha, CodigoProducto) VALUES (1958, '2018-12-17 00:00:00', 100);
INSERT INTO Venta (CodigoVenta, Fecha, CodigoProducto) VALUES (1959, '2018-06-23 00:00:00', 109);
INSERT INTO Venta (CodigoVenta, Fecha, CodigoProducto) VALUES (1960, '2018-06-16 00:00:00', 107);
INSERT INTO Venta (CodigoVenta, Fecha, CodigoProducto) VALUES (1961, '2018-02-24 00:00:00', 108);
INSERT INTO Venta (CodigoVenta, Fecha, CodigoProducto) VALUES (1962, '2015-06-24 00:00:00', 107);
INSERT INTO Venta (CodigoVenta, Fecha, CodigoProducto) VALUES (1963, '2018-08-16 00:00:00', 106);
INSERT INTO Venta (CodigoVenta, Fecha, CodigoProducto) VALUES (1964, '2016-11-18 00:00:00', 104);
INSERT INTO Venta (CodigoVenta, Fecha, CodigoProducto) VALUES (1965, '2016-08-06 00:00:00', 107);
INSERT INTO Venta (CodigoVenta, Fecha, CodigoProducto) VALUES (1966, '2017-08-18 00:00:00', 108);
INSERT INTO Venta (CodigoVenta, Fecha, CodigoProducto) VALUES (1967, '2019-04-02 00:00:00', 109);
INSERT INTO Venta (CodigoVenta, Fecha, CodigoProducto) VALUES (1968, '2017-06-18 00:00:00', 104);
INSERT INTO Venta (CodigoVenta, Fecha, CodigoProducto) VALUES (1969, '2017-01-17 00:00:00', 108);
INSERT INTO Venta (CodigoVenta, Fecha, CodigoProducto) VALUES (1970, '2018-03-26 00:00:00', 109);
INSERT INTO Venta (CodigoVenta, Fecha, CodigoProducto) VALUES (1971, '2016-06-23 00:00:00', 100);
INSERT INTO Venta (CodigoVenta, Fecha, CodigoProducto) VALUES (1972, '2017-08-11 00:00:00', 103);
INSERT INTO Venta (CodigoVenta, Fecha, CodigoProducto) VALUES (1973, '2015-11-05 00:00:00', 102);
INSERT INTO Venta (CodigoVenta, Fecha, CodigoProducto) VALUES (1974, '2018-02-05 00:00:00', 107);
INSERT INTO Venta (CodigoVenta, Fecha, CodigoProducto) VALUES (1975, '2019-02-17 00:00:00', 107);
INSERT INTO Venta (CodigoVenta, Fecha, CodigoProducto) VALUES (1976, '2018-05-08 00:00:00', 104);
INSERT INTO Venta (CodigoVenta, Fecha, CodigoProducto) VALUES (1977, '2016-11-29 00:00:00', 100);
INSERT INTO Venta (CodigoVenta, Fecha, CodigoProducto) VALUES (1978, '2015-03-28 00:00:00', 103);
INSERT INTO Venta (CodigoVenta, Fecha, CodigoProducto) VALUES (1979, '2018-11-05 00:00:00', 101);
INSERT INTO Venta (CodigoVenta, Fecha, CodigoProducto) VALUES (1980, '2018-09-18 00:00:00', 109);
INSERT INTO Venta (CodigoVenta, Fecha, CodigoProducto) VALUES (1981, '2017-05-09 00:00:00', 102);
INSERT INTO Venta (CodigoVenta, Fecha, CodigoProducto) VALUES (1982, '2015-09-21 00:00:00', 103);
INSERT INTO Venta (CodigoVenta, Fecha, CodigoProducto) VALUES (1983, '2015-10-11 00:00:00', 101);
INSERT INTO Venta (CodigoVenta, Fecha, CodigoProducto) VALUES (1984, '2019-03-01 00:00:00', 100);
INSERT INTO Venta (CodigoVenta, Fecha, CodigoProducto) VALUES (1985, '2017-11-05 00:00:00', 103);
INSERT INTO Venta (CodigoVenta, Fecha, CodigoProducto) VALUES (1986, '2016-09-30 00:00:00', 101);
INSERT INTO Venta (CodigoVenta, Fecha, CodigoProducto) VALUES (1987, '2015-05-29 00:00:00', 100);
INSERT INTO Venta (CodigoVenta, Fecha, CodigoProducto) VALUES (1988, '2018-03-01 00:00:00', 105);
INSERT INTO Venta (CodigoVenta, Fecha, CodigoProducto) VALUES (1989, '2015-06-09 00:00:00', 105);
INSERT INTO Venta (CodigoVenta, Fecha, CodigoProducto) VALUES (1990, '2015-07-08 00:00:00', 104);
INSERT INTO Venta (CodigoVenta, Fecha, CodigoProducto) VALUES (1991, '2016-01-25 00:00:00', 103);
INSERT INTO Venta (CodigoVenta, Fecha, CodigoProducto) VALUES (1992, '2015-02-05 00:00:00', 108);
INSERT INTO Venta (CodigoVenta, Fecha, CodigoProducto) VALUES (1993, '2016-01-09 00:00:00', 105);
INSERT INTO Venta (CodigoVenta, Fecha, CodigoProducto) VALUES (1994, '2017-12-17 00:00:00', 100);
INSERT INTO Venta (CodigoVenta, Fecha, CodigoProducto) VALUES (1995, '2016-03-11 00:00:00', 106);
INSERT INTO Venta (CodigoVenta, Fecha, CodigoProducto) VALUES (1996, '2016-02-19 00:00:00', 106);
INSERT INTO Venta (CodigoVenta, Fecha, CodigoProducto) VALUES (1997, '2016-09-19 00:00:00', 103);
INSERT INTO Venta (CodigoVenta, Fecha, CodigoProducto) VALUES (1998, '2017-04-05 00:00:00', 101);
INSERT INTO Venta (CodigoVenta, Fecha, CodigoProducto) VALUES (1999, '2019-10-22 00:00:00', 107);


-- Consulta solicitada: categoría del producto de la última venta
SELECT TOP 1 c.Nombre AS Categoria
FROM Venta v
JOIN Producto p ON v.CodigoProducto = p.CodigoProducto
JOIN Categoria c ON p.CodigoCategoria = c.CodigoCategoria
ORDER BY v.Fecha DESC;
GO
